order_id,customer_id,product_id,carrier_id,order_date,required_date,shipped_date,status,quantity,total_amount,days_delayed
1,95,38,4,2022-06-07,2022-06-30,2022-07-09,delivered,71,4313.96,9
2,6,42,5,2022-05-07,2022-05-24,2022-05-26,Deliverd,23,790.74,2
3,83,4,5,2023-08-03,2023-08-18,2023-09-02,Deleyed,81,35138.61,15
4,85,42,3,2022-11-04,2022-11-17,2022-11-16,Delivered,90,3094.2,0
5,55,42,1,2022-09-19,,,cancelled,86,2956.68,
6,99,7,3,2024-09-22,2024-10-01,2024-10-04,Delivered,65,9945.65,3
7,47,3,4,2024-02-11,2024-02-18,2024-02-20,Deliverd,53,9094.8,2
8,57,44,3,2023-04-25,2023-05-15,2023-05-16,Deliverd,74,285640.0,1
9,83,17,2,2023-02-13,2023-03-13,,Cancelled,7,3312.19,
10,58,6,4,2022-06-21,2022-07-18,2022-07-20,Deliverd,29,8117.39,2
11,37,9,2,2022-06-17,2022-07-01,2022-06-29,delivered,5,1249.6,0
12,15,34,5,2022-06-12,2022-06-15,2022-06-14,Delivered,55,14848.35,0
13,66,2,5,2024-07-25,2024-07-30,2024-08-10,DELIVERED,81,18361.89,11
14,65,35,5,2024-05-03,2024-05-11,2024-05-11,Deliverd,65,14347.45,0
15,46,9,3,2022-02-03,2022-02-17,2022-02-15,delivered,6,1499.52,0
16,6,19,1,2024-09-07,2024-09-30,2024-10-06,DELIVERED,26,10175.62,6
17,84,50,3,2024-08-27,2024-09-07,2024-09-11,DELIVERED,7,2275.49,4
18,11,18,5,2024-03-02,2024-03-15,2024-03-16,delivered,11,4028.97,1
19,45,45,2,2023-08-29,2023-09-10,2023-09-28,DELAYED,57,23087.28,18
20,21,48,5,2022-04-28,2022-05-03,2022-05-19,Deleyed,87,22609.56,16
21,58,10,5,2024-01-21,2024-02-04,2024-02-10,Delayed,87,25245.66,6
22,100,25,5,2023-07-25,2023-08-04,2023-08-03,DELIVERED,72,4874.4,0
23,91,43,3,2022-10-05,2022-11-04,2022-11-05,DELIVERED,45,6695.55,1
24,4,16,2,2022-12-23,2023-01-20,2023-01-18,Deliverd,64,5128.32,0
25,74,50,4,2022-06-26,2022-07-01,2022-07-02,Delivered,53,17228.71,1
26,22,10,5,2023-01-08,2023-02-04,2023-02-02,delivered,39,11317.02,0
27,79,41,2,2022-06-11,2022-06-22,2022-06-29,delivered,39,4501.38,7
28,6,2,1,2023-11-23,2023-12-22,,cancelled,11,2493.59,
29,62,42,3,2022-03-04,2022-03-22,,CANCELLED,39,1340.82,
30,19,22,2,2024-06-19,2024-07-05,2024-07-24,DELAYED,78,35714.64,19
31,7,10,2,2022-08-06,2022-08-19,2022-08-19,Deliverd,13,3772.34,0
32,40,30,5,2023-11-02,2023-11-23,2023-11-22,Deliverd,64,31608.96,0
33,14,35,3,2023-12-24,2023-12-28,2023-12-30,DELIVERED,2,441.46,2
34,65,5,3,2023-02-03,2023-02-17,,Cancelled,50,5487.0,
35,6,26,5,2023-11-26,2023-12-16,2023-12-25,DELIVERED,65,13028.6,9
36,39,40,4,2024-11-21,2024-11-28,2024-12-04,Deliverd,95,33660.4,6
37,84,39,1,2024-01-25,2024-02-07,2024-02-19,delivered,61,8546.71,12
38,54,29,1,2024-02-18,2024-02-25,2024-02-23,Deliverd,41,16220.42,0
39,41,34,4,2022-05-08,2022-06-02,2022-06-04,DELIVERED,49,13228.53,2
40,39,18,2,2023-06-26,2023-07-18,2023-07-29,Deleyed,72,11250.72,11
41,38,23,4,2023-07-15,2023-07-27,2023-07-29,Delivered,99,40021.74,2
42,79,9,3,2024-09-08,2024-09-17,2024-09-26,Delivered,14,3498.88,9
43,99,7,4,2022-04-18,2022-04-24,2022-05-09,delayed,88,13464.88,15
44,99,42,3,2024-09-04,2024-09-27,2024-10-03,Delivered,8,275.04,6
45,5,48,,2022-12-27,2022-12-31,2023-01-20,Delayed,38,9875.44,20
46,21,8,2,2024-12-09,2024-12-27,2025-01-07,,43,18634.91,11
47,42,28,4,2023-01-31,2023-02-08,,Canceled,66,6798.66,
48,43,49,4,2022-01-14,2022-01-25,2022-02-06,Delayed,35,2971.85,12
49,48,41,1,2022-08-31,2022-09-17,2022-09-19,delivered,38,4385.96,2
50,86,49,4,2024-02-05,2024-02-21,,Cancelled,69,5858.79,
51,69,13,5,2022-08-18,2022-08-22,,CANCELLED,74,23467.62,
52,54,9,4,2022-07-06,2022-07-25,2022-07-31,Deleyed,66,,6
53,90,28,1,2023-06-06,2023-07-05,2023-07-09,Delivered,45,4635.45,4
54,49,29,4,2023-01-04,2023-01-31,2023-02-07,delivered,49,19385.38,7
55,87,20,1,2024-03-15,2024-04-03,2024-04-03,Deliverd,60,18854.4,0
56,9,16,1,2023-07-19,,2023-07-29,Delivered,27,2163.51,1
57,77,21,5,2023-03-21,2023-04-17,2023-04-17,delivered,74,4008.58,0
58,55,41,2,2023-03-29,2023-04-14,2023-04-16,DELIVERED,87,10041.54,2
59,24,20,2,2023-10-15,2023-11-09,2023-11-27,delayed,49,15397.76,18
60,50,34,5,2022-04-29,2022-05-19,2022-06-06,Delayed,18,4859.46,18
61,98,5,1,2023-01-26,2023-01-30,2023-02-01,delivered,25,2743.5,2
62,91,45,2,2022-02-01,2022-02-10,2022-02-24,DELIVERED,78,31593.12,14
63,98,47,1,2024-01-06,2024-01-18,2024-01-19,DELIVERED,61,13632.28,1
64,26,19,4,2022-10-26,2022-10-29,2022-10-31,delivered,20,7827.4,2
65,46,11,4,2023-06-12,2023-07-09,2023-07-29,Deleyed,94,6754.84,20
66,81,27,1,2022-05-01,2022-05-20,2022-05-19,Delivered,18,468.54,0
67,53,35,,2024-09-16,2024-10-10,2024-10-15,DELAYED,71,15671.83,5
68,80,16,2,2024-05-31,2024-06-28,2024-06-26,DELIVERED,25,2003.25,0
69,98,42,1,2024-07-29,2024-08-19,2024-08-28,Deliverd,84,,9
70,68,37,3,2022-12-17,2022-12-22,2023-01-09,Deleyed,13,3707.86,18
71,3,12,1,2023-07-29,2023-08-18,,CANCELLED,41,19896.48,
72,89,25,3,2024-03-07,2024-03-31,,cancelled,97,36130.56,
73,42,26,,2023-11-29,2023-12-21,,CANCELLED,100,20044.0,
74,80,6,4,2024-06-03,2024-06-11,,Cancelled,99,27711.09,
75,1,7,3,2022-11-12,2022-12-08,2022-12-23,DELAYED,12,1836.12,15
76,50,39,,2024-11-15,2024-12-01,2024-12-01,Delivered,77,30366.49,0
77,22,44,2,2023-05-13,2023-06-03,,CANCELLED,49,189140.0,
78,59,40,5,2023-09-06,2023-09-24,2023-09-23,Deliverd,26,9212.32,0
79,89,21,3,2023-11-06,2023-11-23,2023-11-25,Deliverd,78,4225.26,2
80,26,8,3,2024-10-02,2024-10-23,2024-10-23,Delivered,73,31636.01,0
81,39,9,4,2024-06-16,2024-07-14,2024-07-19,Deliverd,82,20493.44,5
82,90,3,5,2024-09-08,2024-09-29,2024-10-17,Delayed,47,8065.2,18
83,87,37,1,2022-12-07,2022-12-30,,cancelled,83,,
84,89,36,5,2023-06-14,2023-06-24,,CANCELLED,75,25990.5,
85,19,8,1,2022-11-05,2022-11-19,2022-11-19,delivered,94,40736.78,0
86,87,42,3,2024-07-15,2024-07-28,2024-07-26,delivered,14,481.32,0
87,95,26,4,2024-05-23,2024-06-09,2024-06-11,Deliverd,4,801.76,2
88,59,21,3,2022-05-09,2022-05-30,2022-06-04,Deliverd,26,1408.42,5
89,39,44,2,2024-03-14,2024-04-04,2024-04-05,delivered,91,351260.0,1
90,55,37,2,2024-02-04,2024-02-29,2024-03-01,delivered,50,14261.0,1
91,18,1,3,2023-10-07,2023-11-05,2023-11-11,Deleyed,63,303244.2,6
92,29,3,3,2024-06-28,2024-07-16,2024-07-14,Deliverd,36,6177.6,0
93,47,18,1,2024-11-12,2024-11-18,,CANCELLED,100,27612.0,
94,31,8,4,2023-05-22,2023-06-03,2023-06-03,DELIVERED,100,43337.0,0
95,77,35,3,2022-10-13,2022-11-10,2022-11-18,DELIVERED,36,7946.28,8
96,90,42,3,2022-07-15,2022-07-22,2022-07-28,DELAYED,17,584.46,6
97,49,41,3,2024-09-29,2024-10-06,,Cancelled,54,6232.68,
98,94,1,5,2024-01-26,2024-02-12,2024-02-27,DELAYED,100,481340.0,15
99,17,36,3,2024-05-29,2024-06-27,2024-06-27,DELIVERED,74,25643.96,0
100,26,1,4,2024-07-30,2024-08-02,2024-08-17,DELIVERED,55,264737.0,15
101,93,41,4,2024-01-09,2024-01-20,2024-01-19,Delivered,,4616.8,0
102,16,45,1,2022-09-29,2022-10-20,2022-10-21,delivered,44,17821.76,1
103,18,50,4,2022-07-29,2022-08-04,2022-08-04,Delivered,,31531.79,0
104,28,44,5,2024-06-20,2024-07-04,2024-07-10,Delivered,57,220020.0,6
105,37,39,5,2023-10-07,2023-11-04,2023-11-02,DELIVERED,77,27980.26,0
106,64,8,4,2024-03-13,2024-03-25,2024-04-01,Delivered,31,13434.47,7
107,99,49,2,2024-05-11,2024-05-25,,Cancelled,61,5179.51,
108,11,45,4,2024-03-26,2024-04-14,2024-04-23,delivered,52,21062.08,9
109,56,20,1,2023-02-21,2023-03-21,2023-03-22,Delivered,90,28281.6,1
110,93,32,2,2022-04-23,2022-05-05,2022-05-04,DELIVERED,45,11982.15,0
111,92,5,5,2023-11-18,2023-12-16,2023-12-29,Deleyed,34,3731.16,13
112,66,15,,2022-12-08,2022-12-22,2022-12-20,Delivered,95,7726.35,0
113,93,16,3,2022-11-04,2022-11-12,2022-11-13,DELIVERED,54,4327.02,1
114,60,26,1,2023-04-03,2023-05-01,,cancelled,9,,
115,32,48,3,2023-02-15,2023-02-27,,CANCELLED,80,20790.4,
116,2,23,5,2023-05-18,,2023-05-31,Deliverd,82,34553.98,6
117,36,10,1,2024-12-21,2024-12-31,2025-01-20,Deleyed,92,26696.56,20
118,56,37,5,2022-06-23,2022-07-14,2022-07-15,DELIVERED,8,2281.76,1
119,18,5,2,2023-10-31,2023-11-13,2023-11-26,delayed,26,2853.24,13
120,16,30,3,2022-09-05,2022-09-25,2022-10-10,DELIVERED,34,16792.26,15
121,39,4,5,2023-11-03,2023-11-10,2023-11-17,Delivered,87,37741.47,7
122,8,8,2,2023-05-27,2023-06-02,2023-06-10,delayed,2,866.74,8
123,9,5,3,2022-06-22,2022-07-13,,Canceled,3,329.22,
124,93,37,2,2022-09-08,,2022-09-18,Deleyed,56,15972.32,6
125,64,42,2,2023-07-28,2023-08-14,2023-08-16,Delivered,38,1306.44,2
126,70,25,1,2024-12-12,2024-12-22,,cancelled,92,17108.32,
127,30,50,3,2023-03-25,2023-03-28,2023-03-29,delivered,75,24380.25,1
128,76,12,2,2022-04-25,2022-05-22,2022-05-23,DELIVERED,,15043.68,1
129,5,12,3,2022-10-19,2022-11-09,2022-11-19,,63,30572.64,10
130,76,2,1,2023-02-17,2023-03-17,2023-03-16,Delivered,19,4307.11,0
131,18,20,3,2024-02-05,2024-03-01,2024-03-09,Deleyed,42,13198.08,8
132,23,23,5,2022-12-23,2023-01-17,,cancelled,29,9747.19,
133,41,12,1,2024-03-12,2024-04-11,,Canceled,78,37851.84,
134,82,46,1,2023-11-10,2023-12-06,2023-12-06,Delivered,86,13059.96,0
135,22,47,4,2023-06-10,2023-07-08,2023-07-13,Deliverd,54,12067.92,5
136,41,19,1,2023-04-07,2023-04-15,2023-04-22,DELAYED,3,1174.11,7
137,4,31,5,2022-07-10,2022-07-23,,CANCELLED,91,12742.73,
138,37,17,5,2023-01-25,2023-02-10,,CANCELLED,85,40219.45,
139,77,43,3,2024-01-09,2024-01-12,2024-01-19,delayed,81,12051.99,7
140,12,43,4,2022-08-25,2022-09-06,2022-09-26,DELAYED,34,5058.86,20
141,97,18,2,2023-06-24,2023-07-11,2023-07-24,DELAYED,73,2934.6,13
142,74,44,5,2023-04-11,2023-05-01,2023-05-10,Delivered,61,,9
143,97,10,5,2024-11-24,2024-12-22,,Canceled,16,4642.88,
144,94,39,2,2024-05-17,2024-05-22,2024-06-02,Deleyed,34,5667.12,11
145,54,27,5,2024-11-30,2024-12-17,2024-12-29,Delivered,15,390.45,12
146,50,27,3,2023-08-09,2023-09-08,,CANCELLED,34,885.02,
147,61,4,2,2024-04-02,2024-04-06,2024-04-21,Delayed,96,41645.76,15
148,100,48,3,2024-10-03,2024-11-02,2024-11-07,Deliverd,57,14813.16,5
149,9,33,1,2024-04-13,2024-05-09,2024-05-25,delayed,21,7540.68,16
150,91,4,4,2022-12-22,2022-12-31,2022-12-31,Deliverd,47,20389.07,0
151,45,38,4,2022-03-04,2022-03-14,2022-03-15,DELIVERED,71,4313.96,1
152,35,44,2,2024-03-02,2024-03-06,2024-03-13,Delivered,27,104220.0,7
153,28,25,4,2022-01-18,2022-01-28,2022-02-02,Deliverd,,10570.95,5
154,88,19,5,2024-02-06,2024-02-26,,cancelled,39,15263.43,
155,41,26,5,2023-09-04,2023-09-13,2023-09-12,Deliverd,85,17037.4,0
156,29,47,3,2024-03-06,2024-04-01,2024-04-03,Deliverd,92,20560.16,2
157,61,19,2,2022-12-15,2023-01-13,,Canceled,13,5087.81,
158,75,24,3,2023-04-01,2023-04-15,2023-04-22,Deliverd,34,16005.16,7
159,20,27,3,2022-05-26,2022-06-13,2022-06-14,Deliverd,7,182.21,1
160,8,21,,2022-10-21,2022-11-03,2022-11-10,delivered,82,4441.94,7
161,52,41,4,2022-06-30,2022-07-07,,Cancelled,55,6348.1,
162,1,2,2,2022-01-29,2022-02-11,,cancelled,87,19722.03,
163,77,47,4,2023-09-19,2023-09-27,2023-10-02,delivered,67,14973.16,5
164,17,15,2,2023-01-21,,2023-02-03,delayed,94,7645.02,5
165,14,4,5,2024-02-08,,2024-03-05,Delivered,85,36873.85,3
166,85,43,4,2024-08-29,2024-09-23,2024-09-21,delivered,13,1934.27,0
167,34,13,5,2022-08-30,2022-09-11,2022-09-16,DELIVERED,100,,5
168,86,1,2,2024-10-13,2024-10-22,2024-11-06,Deleyed,2,9626.8,15
169,23,4,4,2022-07-27,2022-08-07,2022-08-07,DELIVERED,13,5639.53,0
170,35,23,3,2022-07-14,2022-08-13,2022-08-12,DELIVERED,57,27245.43,0
171,15,42,4,2023-07-11,2023-08-09,2023-08-29,delayed,22,756.36,20
172,79,50,,2024-06-16,2024-06-24,,Canceled,46,14953.22,
173,74,50,5,2024-06-21,2024-06-25,2024-06-25,DELIVERED,96,31206.72,0
174,2,40,5,2024-06-05,2024-06-29,2024-06-30,Deliverd,7,2480.24,1
175,83,15,5,2024-10-03,2024-10-16,2024-10-16,Delivered,71,5774.43,0
176,5,26,1,2024-10-17,,2024-11-04,Delivered,53,10623.32,1
177,59,4,3,2024-11-07,2024-11-27,2024-12-04,Deliverd,29,12580.49,7
178,90,34,5,2022-07-19,2022-08-15,2022-08-15,Deliverd,48,12958.56,0
179,51,13,2,2022-08-08,2022-08-19,,Canceled,16,5074.08,
180,64,33,,2022-09-10,2022-10-07,2022-10-26,Deleyed,18,6463.44,19
181,14,47,2,2022-12-29,2023-01-23,,cancelled,17,3799.16,
182,18,29,3,2023-05-24,2023-06-04,2023-06-19,DELAYED,18,7121.16,15
183,23,46,2,2023-03-22,2023-03-31,2023-04-06,DELIVERED,84,12756.24,6
184,67,28,3,2024-05-04,2024-05-28,,Cancelled,2,206.02,
185,5,49,2,2022-11-26,2022-12-08,2022-12-06,delivered,70,5943.7,0
186,2,36,3,2023-08-13,2023-09-07,2023-09-22,Deliverd,7,2425.78,15
187,26,48,5,2024-01-24,2024-02-20,,cancelled,78,20270.64,
188,72,25,1,2022-12-22,2023-01-17,,,6,1319.82,
189,46,37,4,2022-03-23,2022-03-30,2022-04-01,delivered,71,20250.62,2
190,45,26,5,2022-11-23,2022-12-09,,cancelled,12,2405.28,
191,45,8,1,2024-12-22,2025-01-09,,Canceled,86,37269.82,
192,66,50,5,2022-08-21,2022-09-05,2022-09-05,Delivered,48,15603.36,0
193,27,41,1,2022-06-18,2022-06-24,2022-07-14,Deliverd,9,1038.78,20
194,5,46,4,2024-06-10,2024-07-03,2024-07-03,DELIVERED,43,6529.98,0
195,3,28,4,2023-06-14,2023-06-30,2023-07-19,Delayed,41,4223.41,19
196,78,44,3,2022-04-04,2022-04-29,2022-05-01,Deliverd,39,,2
197,39,41,3,2022-11-17,2022-12-07,2022-12-08,DELIVERED,,2192.98,1
198,40,36,5,2022-10-17,2022-10-23,2022-10-25,DELIVERED,11,3811.94,2
199,73,12,1,2022-10-19,2022-10-27,2022-10-27,Deliverd,86,41734.08,0
200,84,9,3,2023-05-29,2023-06-04,2023-06-11,Delivered,86,21493.12,7
201,47,37,2,2023-09-19,2023-10-14,,,73,20821.06,
202,100,29,4,2024-06-12,2024-06-23,2024-06-23,delivered,46,18198.52,0
203,4,33,1,2022-10-14,2022-11-03,2022-11-01,delivered,81,29085.48,0
204,65,9,3,2024-08-24,2024-09-16,2024-09-15,Delivered,60,14995.2,0
205,23,29,2,2022-12-06,2023-01-02,,Canceled,21,8308.02,
206,30,17,1,2023-03-25,2023-04-21,2023-05-03,DELAYED,48,22712.16,12
207,73,38,3,2022-03-23,2022-04-15,2022-04-17,DELIVERED,70,4253.2,2
208,1,31,4,2023-05-31,2023-06-15,2023-06-15,delivered,78,10922.34,0
209,15,22,4,2022-11-04,2022-11-12,2022-11-10,delivered,93,42582.84,0
210,19,3,5,2023-05-15,2023-05-19,2023-05-18,delivered,74,12698.4,0
211,22,31,5,2022-02-08,2022-03-06,2022-03-21,delivered,62,8681.86,15
212,30,38,5,2024-11-12,2024-11-23,2024-12-01,Delivered,9,546.84,8
213,69,39,5,2024-05-09,2024-06-07,2024-06-14,Deliverd,5,2200.5,7
214,68,3,3,2022-01-03,2022-01-30,2022-02-17,Deleyed,90,15444.0,18
215,25,39,,2022-07-20,2022-08-05,2022-08-04,Delivered,70,,0
216,33,42,4,2023-02-25,2023-03-22,2023-03-20,DELIVERED,75,2578.5,0
217,48,31,5,2023-02-22,2023-03-10,,cancelled,23,3220.69,
218,52,14,1,2022-10-10,2022-11-09,2022-11-13,Delivered,66,,4
219,29,5,1,2022-07-06,2022-08-04,2022-08-06,Deliverd,34,3731.16,2
220,82,50,1,2023-08-10,,,cancelled,23,7476.61,
221,36,11,1,2023-04-20,2023-05-12,2023-05-16,Deliverd,12,,4
222,75,47,3,2022-05-21,2022-05-26,,cancelled,72,16090.56,
223,65,36,1,2024-04-07,2024-04-28,2024-04-29,DELIVERED,10,3465.4,1
224,97,50,4,2024-06-25,2024-07-10,,CANCELLED,32,10402.24,
225,46,21,2,2023-06-13,,2023-06-30,DELAYED,53,2871.01,12
226,46,31,2,2023-12-02,2023-12-07,,Canceled,41,5741.23,
227,32,15,2,2024-10-18,2024-11-13,2024-11-12,Delivered,26,2114.58,0
228,41,24,4,2024-10-05,2024-10-27,2024-10-30,DELIVERED,80,37659.2,3
229,70,28,5,2023-07-28,2023-08-12,2023-08-12,delivered,62,6386.62,0
230,47,7,5,2023-10-09,2023-11-03,2023-11-02,DELIVERED,42,6426.42,0
231,97,27,2,2024-01-20,2024-01-28,2024-02-15,DELAYED,90,2342.7,18
232,95,25,4,2023-04-14,2023-05-13,2023-05-21,delivered,26,2117.96,8
233,51,37,5,2024-11-24,2024-12-14,2024-12-19,delivered,7,1996.54,5
234,3,17,5,2024-07-10,2024-08-05,2024-08-05,delivered,45,21292.65,0
235,81,25,1,2023-08-06,2023-08-20,2023-08-29,DELIVERED,79,11881.6,9
236,78,46,3,2022-05-27,2022-06-01,2022-06-01,Deliverd,35,5315.1,0
237,94,2,2,2024-12-02,2024-12-19,2024-12-29,Delayed,17,3853.73,10
238,80,7,1,2024-08-27,2024-09-16,2024-09-17,Deliverd,34,5202.34,1
239,85,2,2,2022-09-16,2022-09-23,,CANCELLED,5,1133.45,
240,59,38,2,2024-06-30,2024-07-07,,CANCELLED,77,4678.52,
241,40,6,2,2023-12-13,2023-12-31,,,57,15954.87,
242,99,20,4,2022-10-07,2022-10-21,2022-10-19,delivered,2,628.48,0
243,55,17,2,2024-06-14,2024-06-29,2024-06-30,DELIVERED,11,5204.87,1
244,35,40,4,2024-04-25,2024-05-04,2024-05-04,,58,20550.56,0
245,2,6,2,2023-01-16,2023-01-22,2023-01-23,DELIVERED,20,5598.2,1
246,10,50,3,2022-03-06,2022-03-19,2022-03-19,DELIVERED,51,16578.57,0
247,95,13,1,2023-05-25,2023-06-09,2023-06-21,delayed,59,18710.67,12
248,82,17,1,2023-10-24,2023-11-01,2023-11-12,Delivered,62,29336.54,11
249,2,26,1,2024-06-08,2024-06-21,2024-06-21,Deliverd,32,6414.08,0
250,81,22,5,2023-05-25,2023-06-02,2023-06-09,delayed,98,44872.24,7
251,25,29,,2023-04-22,2023-05-05,,Canceled,94,37188.28,
252,45,12,5,2023-08-27,2023-09-16,2023-09-27,delayed,70,33969.6,11
253,47,2,2,2023-06-24,2023-07-14,2023-07-16,Delivered,80,18135.2,2
254,53,19,5,2024-12-09,2025-01-02,2025-01-11,Delayed,42,16437.54,9
255,85,42,5,2022-03-06,2022-03-15,2022-03-13,DELIVERED,50,1719.0,0
256,47,41,4,2022-01-27,2022-02-05,2022-02-12,Deleyed,8,923.36,7
257,13,34,2,2023-06-29,2023-07-18,2023-07-20,delivered,13,3509.61,2
258,99,48,4,2023-01-02,2023-01-22,,CANCELLED,14,3638.32,
259,57,35,2,2023-01-05,2023-01-25,2023-02-09,DELAYED,77,16996.21,15
260,47,48,5,2023-10-25,2023-11-16,2023-11-15,,33,8576.04,0
261,41,15,,2022-02-03,2022-02-22,2022-02-24,DELIVERED,28,2277.24,2
262,32,24,3,2022-11-13,2022-11-19,2022-11-18,Delivered,75,35305.5,0
263,83,7,5,2022-06-08,2022-07-04,2022-07-11,Deliverd,77,11781.77,7
264,96,50,1,2023-12-14,2024-01-12,2024-01-30,Delayed,30,9752.1,18
265,20,45,5,2024-12-09,2024-12-13,2024-12-12,Deliverd,29,11746.16,0
266,44,10,4,2022-07-04,2022-07-14,2022-07-28,Delayed,17,4933.06,14
267,26,32,2,2024-06-08,2024-07-05,2024-07-15,delivered,51,16809.6,10
268,77,23,3,2022-07-03,2022-07-09,2022-07-27,delayed,25,4179.0,18
269,94,10,3,2024-06-24,2024-07-16,2024-07-15,Delivered,97,28147.46,0
270,43,31,4,2023-08-13,2023-08-16,2023-08-19,delivered,3,420.09,3
271,37,11,3,2022-10-17,2022-11-11,2022-11-13,DELIVERED,8,,2
272,50,19,1,2024-03-06,2024-03-30,2024-04-01,Delivered,84,32875.08,2
273,68,3,1,2022-06-30,2022-07-08,2022-07-09,,32,5491.2,1
274,33,4,3,2023-09-12,2023-09-22,,Cancelled,81,35138.61,
275,30,41,5,2023-12-01,2023-12-16,2023-12-17,Deliverd,88,10156.96,1
276,68,45,3,2022-09-27,2022-10-06,2022-10-05,delivered,91,36858.64,0
277,19,12,1,2022-05-19,2022-06-08,,CANCELLED,41,19896.48,
278,78,40,5,2023-07-15,2023-07-22,2023-07-21,delivered,,12401.2,0
279,84,31,5,2024-09-03,2024-09-10,,CANCELLED,92,12882.76,
280,9,49,2,2024-04-16,2024-05-13,2024-05-22,Deliverd,27,2292.57,9
281,93,39,1,2024-07-26,2024-08-05,2024-08-22,Delayed,95,39322.4,17
282,6,26,5,2022-03-28,2022-04-07,,Cancelled,95,19041.8,
283,83,10,5,2023-08-09,2023-08-26,2023-08-28,Delivered,60,17410.8,2
284,59,2,4,2022-10-05,2022-10-20,2022-11-04,delayed,23,5213.87,15
285,50,34,1,2022-12-02,2022-12-27,2022-12-28,delivered,91,24567.27,1
286,40,27,1,2023-11-18,2023-12-09,2023-12-08,DELIVERED,40,1041.2,0
287,64,1,3,2023-02-20,2023-02-23,,Cancelled,59,283990.6,
288,71,39,1,2024-09-01,2024-09-18,2024-10-07,delayed,77,1017.94,19
289,14,6,3,2022-03-17,2022-03-24,2022-03-31,DELIVERED,7,1959.37,7
290,99,3,3,2022-12-30,2023-01-16,,CANCELLED,12,2059.2,
291,43,45,1,2022-05-13,2022-05-25,2022-06-03,delayed,36,14581.44,9
292,74,39,4,2024-12-19,2024-12-24,2025-01-07,delayed,41,5626.43,14
293,4,1,2,2024-10-16,2024-11-03,2024-11-12,delivered,16,77014.4,9
294,26,1,2,2023-11-15,2023-11-29,,Cancelled,82,394698.8,
295,43,12,1,2022-01-13,2022-01-19,2022-01-21,Deliverd,25,12132.0,2
296,8,27,4,2024-09-13,2024-09-20,2024-10-05,DELAYED,,2498.88,15
297,81,22,1,2023-11-11,2023-12-09,2023-12-08,Deliverd,49,22436.12,0
298,39,32,1,2023-09-24,2023-10-19,2023-10-26,Delivered,31,5954.48,7
299,20,31,1,2022-07-09,2022-07-26,,cancelled,65,9101.95,
300,15,46,,2024-11-23,2024-12-17,2024-12-15,Delivered,67,10174.62,0
301,42,41,3,2023-10-02,2023-10-05,,cancelled,27,3116.34,
302,70,7,5,2022-11-19,2022-11-30,2022-12-02,delivered,27,4131.27,2
303,4,4,4,2022-12-17,2022-12-22,2022-12-31,Delivered,17,7374.77,9
304,60,49,1,2024-07-02,2024-07-24,2024-07-23,Deliverd,98,8321.18,0
305,24,24,3,2024-08-11,2024-08-29,2024-09-17,DELIVERED,51,24007.74,19
306,78,50,3,2023-12-21,2024-01-08,2024-01-18,Deleyed,45,14628.15,10
307,32,16,4,2022-05-26,2022-06-23,2022-06-24,Deliverd,80,6410.4,1
308,23,45,5,2024-06-01,2024-06-29,2024-07-14,Deleyed,31,12556.24,15
309,77,26,3,2022-07-19,2022-08-17,2022-08-27,Deleyed,9,1803.96,10
310,38,29,2,2023-03-22,2023-04-20,2023-04-24,delivered,69,27297.78,4
311,17,33,5,2023-09-16,2023-10-02,2023-10-06,,52,18672.16,4
312,41,26,5,2022-08-13,2022-09-12,2022-09-25,Deliverd,81,16235.64,13
313,86,10,4,2023-01-21,,2023-02-26,Delayed,37,10736.66,16
314,24,28,5,2022-10-06,2022-10-11,2022-10-20,Deliverd,80,8240.8,9
315,74,18,5,2022-01-16,2022-02-06,2022-02-18,Deleyed,53,24593.06,12
316,11,30,3,2022-06-13,2022-06-20,,Canceled,67,33090.63,
317,7,20,5,2022-06-09,2022-07-03,,Cancelled,79,24824.96,
318,77,3,2,2023-11-10,2023-11-26,2023-12-06,DELIVERED,89,15272.4,10
319,10,32,3,2022-04-16,2022-05-10,2022-05-13,delivered,11,793.54,3
320,90,12,3,2022-08-17,2022-09-08,2022-09-23,Delivered,34,16499.52,15
321,57,16,4,2022-11-12,2022-12-11,2022-12-29,DELAYED,85,6811.05,18
322,96,20,4,2022-04-18,2022-04-26,2022-05-13,delayed,61,19168.64,17
323,87,29,3,2022-10-25,2022-11-13,2022-11-18,Delayed,49,19385.38,5
324,51,42,3,2024-06-03,2024-06-25,2024-06-25,delivered,75,2578.5,0
325,13,1,1,2023-11-23,2023-12-17,2023-12-15,DELIVERED,53,255110.2,0
326,91,41,5,2022-02-18,2022-03-12,2022-03-14,delivered,16,1846.72,2
327,86,18,4,2023-01-14,2023-01-20,2023-01-21,delivered,99,21702.78,1
328,26,5,4,2024-03-06,2024-03-19,2024-03-19,Deliverd,63,6913.62,0
329,100,47,5,2022-08-06,2022-08-23,2022-08-21,delivered,,,0
330,99,33,1,2024-03-10,2024-03-21,2024-04-01,Delivered,,32676.28,11
331,52,23,5,2024-09-14,2024-09-20,,Cancelled,43,14796.3,
332,90,25,1,2024-07-30,2024-08-26,2024-09-03,DELIVERED,85,8805.15,8
333,83,25,4,2023-01-24,2023-01-31,2023-02-02,Deliverd,,3585.96,2
334,20,44,4,2023-11-23,2023-12-21,2023-12-20,Delivered,69,266340.0,0
335,40,41,2,2024-08-23,2024-09-14,2024-09-13,delivered,7,807.94,0
336,26,15,5,2022-08-22,2022-09-09,,CANCELLED,9,731.97,
337,36,5,3,2022-10-09,2022-10-22,2022-10-27,DELIVERED,16,1755.84,5
338,11,2,,2022-03-25,2022-04-01,2022-04-10,Delivered,63,14281.47,9
339,23,27,4,2024-09-01,,2024-09-26,delivered,31,806.93,0
340,16,16,5,2023-09-09,2023-09-23,2023-09-28,DELAYED,25,2003.25,5
341,64,44,2,2024-08-08,2024-09-04,2024-09-03,Delivered,61,235460.0,0
342,95,3,4,2023-05-30,2023-06-12,,Canceled,14,2402.4,
343,87,13,4,2023-04-27,2023-05-23,2023-06-07,Delayed,96,30444.48,15
344,28,28,1,2023-02-14,2023-03-01,2023-03-03,Deliverd,19,1957.19,2
345,60,18,1,2024-01-05,2024-01-16,2024-01-14,DELIVERED,18,1159.92,0
346,67,6,2,2022-12-15,2023-01-05,,CANCELLED,53,14835.23,
347,54,37,2,2023-05-21,2023-05-31,2023-05-30,Deliverd,1,285.22,0
348,89,49,5,2024-03-18,2024-04-05,2024-04-04,delivered,2,169.82,0
349,60,2,5,2022-02-02,2022-02-20,2022-02-21,Deliverd,59,13374.71,1
350,97,19,1,2022-01-03,2022-02-02,2022-02-02,delivered,55,21525.35,0
351,6,30,3,2022-04-23,2022-05-12,2022-05-24,Delivered,80,39511.2,12
352,95,42,1,2023-11-17,2023-11-27,,Canceled,62,2131.56,
353,45,5,1,2023-07-02,2023-07-21,2023-08-03,Delayed,48,5267.52,13
354,9,44,3,2023-08-22,2023-09-08,,Cancelled,89,343540.0,
355,81,14,,2022-06-07,2022-06-13,2022-06-12,delivered,67,32789.13,0
356,44,27,3,2022-02-13,2022-02-25,2022-02-24,Deliverd,75,1952.25,0
357,48,15,3,2024-06-30,2024-07-17,2024-07-17,Delivered,62,5042.46,0
358,91,12,3,2022-11-26,2022-12-21,,Canceled,23,11161.44,
359,45,43,1,2022-09-17,2022-10-04,2022-10-03,delivered,41,,0
360,65,48,1,2024-10-19,2024-11-15,2024-11-21,Deliverd,70,18191.6,6
361,15,22,4,2022-10-29,2022-11-26,,Canceled,89,,
362,29,38,2,2023-03-28,2023-04-14,2023-04-12,delivered,68,4131.68,0
363,78,21,4,2022-06-28,2022-07-17,2022-07-28,DELAYED,78,4225.26,11
364,28,36,4,2024-03-01,2024-03-15,2024-03-15,Deliverd,12,4158.48,0
365,39,39,5,2024-05-18,2024-06-13,2024-06-22,DELAYED,12,964.56,9
366,60,12,4,2022-07-01,2022-07-04,2022-07-17,delayed,72,34940.16,13
367,29,48,,2024-10-01,,2024-10-13,DELIVERED,60,15592.8,8
368,36,8,1,2022-09-12,2022-10-05,2022-10-06,DELIVERED,98,42470.26,1
369,8,11,3,2024-09-01,2024-09-26,2024-09-28,delivered,75,5389.5,2
370,24,50,2,2023-12-31,2024-01-04,2024-01-02,delivered,81,26330.67,0
371,67,1,2,2023-09-09,2023-09-20,2023-09-22,Deliverd,18,86641.2,2
372,71,35,5,2022-11-13,2022-12-02,2022-12-14,Deliverd,92,20307.16,12
373,44,39,4,2022-02-05,2022-02-23,2022-02-23,Delivered,67,25738.72,0
374,100,5,1,2023-04-10,2023-04-22,2023-04-20,delivered,3,329.22,0
375,97,43,3,2022-05-02,2022-05-20,2022-05-22,delivered,2,297.58,2
376,100,23,3,2022-03-01,2022-03-06,2022-03-16,Delivered,21,,10
377,28,47,1,2023-03-21,2023-04-15,2023-05-02,Deliverd,13,2905.24,17
378,15,15,5,2022-08-08,2022-08-16,2022-08-25,Deliverd,53,4310.49,9
379,77,19,4,2023-08-14,2023-09-03,2023-09-04,Deliverd,59,23090.83,1
380,63,1,2,2024-05-26,2024-06-04,2024-06-17,Delivered,87,418765.8,13
381,55,39,2,2022-07-28,2022-08-23,2022-08-22,DELIVERED,52,3647.8,0
382,99,32,4,2023-12-31,2024-01-18,,CANCELLED,66,9679.56,
383,20,25,2,2022-07-23,2022-08-18,2022-08-20,Delivered,78,26739.18,2
384,70,35,3,2024-08-12,2024-08-21,2024-08-31,Delivered,44,9712.12,10
385,23,3,4,2024-07-10,2024-07-23,2024-08-11,DELAYED,5,858.0,19
386,63,37,1,2023-10-02,2023-10-27,2023-11-16,Deleyed,87,24814.14,20
387,99,44,5,2024-03-12,2024-03-23,2024-04-09,Delayed,46,177560.0,17
388,8,27,3,2022-02-25,2022-03-24,2022-03-25,DELIVERED,45,1171.35,1
389,55,30,1,2023-09-17,2023-09-23,2023-09-25,DELIVERED,85,,2
390,13,21,4,2023-10-11,2023-10-26,,Canceled,74,4008.58,
391,26,24,3,2023-11-27,2023-12-05,,Cancelled,56,26361.44,
392,96,15,4,2022-04-08,2022-04-20,,Cancelled,80,6506.4,
393,39,5,3,2024-12-23,2025-01-10,2025-01-21,DELAYED,84,9218.16,11
394,91,2,2,2024-07-17,2024-08-10,,CANCELLED,81,18361.89,
395,73,50,5,2024-08-15,2024-08-26,,Canceled,56,18203.92,
396,27,5,3,2023-09-07,2023-10-07,2023-10-25,DELAYED,82,8998.68,18
397,72,30,3,2024-04-11,2024-04-21,2024-04-19,Delivered,63,,0
398,93,42,2,2023-07-23,,,Cancelled,6,206.28,
399,65,37,1,2024-04-13,2024-04-27,2024-04-26,DELIVERED,95,27095.9,0
400,31,48,4,2023-10-04,2023-10-17,,Cancelled,96,24948.48,
401,15,32,1,2023-06-05,2023-07-05,,Canceled,69,13359.09,
402,7,48,1,2024-01-14,2024-02-01,2024-02-09,delivered,85,22089.8,8
403,33,1,4,2024-01-14,2024-02-11,2024-02-10,delivered,51,245483.4,0
404,63,6,3,2024-06-17,2024-07-10,2024-07-13,DELIVERED,100,27991.0,3
405,95,47,5,2022-11-25,2022-12-20,2022-12-20,Delivered,71,15867.08,0
406,11,21,3,2022-10-06,2022-10-09,2022-10-20,delayed,74,4008.58,11
407,76,12,3,2023-10-17,2023-11-03,2023-11-12,delayed,88,42704.64,9
408,72,2,2,2024-02-12,2024-03-12,,Cancelled,3,680.07,
409,12,17,5,2022-12-12,2022-12-16,2023-01-03,,20,9463.4,18
410,25,46,2,2024-07-18,2024-08-16,2024-08-24,DELAYED,27,4100.22,8
411,19,12,,2023-02-28,2023-03-22,2023-03-30,delivered,53,25719.84,8
412,91,46,2,2024-07-27,2024-08-01,2024-08-01,Delivered,50,7593.0,0
413,80,17,1,2023-04-26,2023-05-14,2023-05-18,DELIVERED,65,30756.05,4
414,91,6,2,2023-01-03,2023-01-14,2023-01-14,Delivered,41,11476.31,0
415,67,49,5,2023-07-30,2023-08-25,2023-09-04,DELIVERED,34,2886.94,10
416,21,31,1,2024-06-20,2024-06-24,2024-06-23,Deliverd,34,4761.02,0
417,12,8,2,2024-09-20,2024-10-07,2024-10-15,delayed,45,19501.65,8
418,99,5,4,2023-03-11,2023-04-01,2023-04-03,DELIVERED,32,3511.68,2
419,4,21,1,2024-03-18,2024-04-01,,CANCELLED,20,1083.4,
420,7,9,5,2022-01-12,2022-01-25,2022-02-01,Delivered,28,6997.76,7
421,50,14,1,2022-07-09,2022-07-24,2022-07-25,delivered,21,10277.19,1
422,48,23,2,2023-09-28,2023-10-22,,CANCELLED,86,4909.74,
423,44,3,1,2024-05-15,2024-06-12,2024-06-20,delivered,66,11325.6,8
424,20,31,1,2022-06-21,2022-07-03,2022-07-21,DELAYED,39,5461.17,18
425,13,28,5,2022-04-08,2022-04-28,2022-05-04,DELIVERED,53,5459.53,6
426,11,26,2,2022-02-03,2022-02-09,2022-02-19,DELAYED,6,1202.64,10
427,56,44,3,2023-06-27,,2023-07-08,,14,54040.0,0
428,79,20,4,2024-04-09,2024-05-09,,CANCELLED,80,25139.2,
429,19,31,2,2023-01-26,2023-02-01,2023-02-01,delivered,84,11762.52,0
430,58,31,4,2024-05-14,2024-05-17,2024-05-16,Deliverd,,420.09,0
431,76,32,1,2024-06-03,2024-06-19,2024-07-03,Deleyed,52,,14
432,45,32,1,2023-10-09,2023-10-29,2023-10-30,delivered,80,37607.2,1
433,93,9,4,2023-04-21,2023-05-10,2023-05-10,DELIVERED,38,9496.96,0
434,63,11,2,2023-03-01,2023-03-13,2023-03-15,Deliverd,78,5605.08,2
435,44,3,5,2022-02-07,2022-02-21,2022-02-20,Delivered,9,1544.4,0
436,78,45,2,2023-12-29,2024-01-25,2024-02-01,Deliverd,66,26732.64,7
437,6,7,5,2022-08-05,2022-09-02,,Cancelled,72,11016.72,
438,47,10,1,2023-08-22,2023-09-16,2023-10-06,delayed,83,24084.94,20
439,11,33,3,2023-05-18,2023-06-16,2023-07-01,Deleyed,22,7899.76,15
440,88,30,4,2024-12-20,,2025-01-06,delivered,67,33090.63,1
441,5,26,1,2022-05-23,2022-05-28,2022-05-27,Delivered,98,19643.12,0
442,96,20,5,2024-11-30,2024-12-12,2024-12-29,DELAYED,93,29224.32,17
443,84,45,4,2024-04-07,2024-04-24,2024-05-16,DELIVERED,45,18226.8,22
444,66,14,3,2022-09-16,2022-10-05,,Canceled,12,5872.68,
445,81,24,1,2023-06-14,2023-06-24,2023-06-28,Delivered,34,,4
446,86,46,5,2023-11-26,2023-12-06,,cancelled,81,12300.66,
447,75,21,1,2022-10-14,2022-11-08,2022-11-20,Deleyed,67,3629.39,12
448,48,29,2,2022-06-17,2022-06-22,2022-06-21,Deliverd,10,3956.2,0
449,17,10,2,2024-06-20,2024-07-15,2024-08-02,Delayed,65,,18
450,48,8,4,2022-11-18,2022-12-08,2022-12-26,delivered,16,6933.92,18
451,37,4,4,2023-08-26,2023-09-13,2023-09-22,,40,17352.4,9
452,49,29,5,2022-04-02,2022-04-18,2022-05-02,delayed,44,17407.28,14
453,86,6,3,2024-07-10,2024-08-03,2024-08-12,Deleyed,80,22392.8,9
454,91,41,5,2024-06-26,2024-07-22,2024-07-22,Delivered,99,11426.58,0
455,65,49,2,2022-04-19,2022-05-10,,Canceled,61,5179.51,
456,76,21,5,2024-06-28,2024-07-03,,Cancelled,52,,
457,70,8,1,2024-12-17,2024-12-30,2025-01-12,DELAYED,13,5633.81,13
458,92,12,3,2022-12-13,2022-12-17,,cancelled,4,1941.12,
459,50,32,2,2022-09-05,2022-09-09,2022-09-11,DELIVERED,66,24992.22,2
460,13,38,5,2024-04-14,2024-05-07,2024-05-15,delivered,87,5286.12,8
461,58,28,5,2024-10-21,2024-10-30,2024-10-29,DELIVERED,72,7416.72,0
462,45,44,3,2024-09-14,2024-09-25,,cancelled,49,189140.0,
463,36,47,2,2023-09-08,2023-09-13,2023-09-21,DELAYED,72,16090.56,8
464,43,30,,2024-07-16,2024-07-27,2024-08-02,Delivered,,,6
465,69,49,4,2022-12-22,2023-01-07,,Cancelled,51,4330.41,
466,90,25,3,2024-06-30,2024-07-24,2024-07-25,DELIVERED,23,9687.14,1
467,39,40,1,2022-02-10,2022-03-09,2022-03-13,Deliverd,81,28699.92,4
468,64,37,3,2023-03-05,2023-03-08,2023-03-13,delivered,65,18539.3,5
469,69,45,1,2023-06-16,2023-07-07,2023-07-15,,87,35238.48,8
470,60,44,1,2022-04-17,2022-05-17,2022-05-18,Delivered,67,258620.0,1
471,43,26,1,2024-05-10,2024-05-30,2024-06-14,Delayed,25,5011.0,15
472,56,2,1,2022-06-02,2022-06-12,2022-06-12,DELIVERED,62,14054.78,0
473,80,50,1,2023-11-29,2023-12-28,2024-01-03,Deliverd,77,25030.39,6
474,39,29,1,2022-03-10,2022-03-25,2022-03-29,Delivered,8,3164.96,4
475,2,43,5,2024-02-21,2024-03-07,2024-03-12,Deliverd,80,11903.2,5
476,14,38,3,2022-02-23,2022-03-12,,Cancelled,25,1519.0,
477,80,23,3,2022-09-16,2022-10-09,,Cancelled,54,13278.06,
478,19,50,5,2024-01-03,2024-01-15,,cancelled,,6176.33,
479,82,23,4,2022-10-24,2022-10-28,2022-10-30,DELIVERED,26,12700.74,2
480,43,20,5,2024-08-15,2024-09-06,2024-09-20,Delivered,54,16968.96,14
481,95,16,2,2023-04-17,2023-05-04,,CANCELLED,62,4968.06,
482,25,19,2,2024-01-14,2024-01-17,2024-01-19,DELIVERED,,22308.09,2
483,3,12,2,2022-12-23,2023-01-02,2023-01-11,Delivered,26,12617.28,9
484,68,43,3,2022-08-16,2022-08-29,2022-08-28,Deliverd,22,3273.38,0
485,32,39,3,2022-09-25,2022-10-23,2022-10-24,delivered,55,26879.6,1
486,11,14,4,2023-05-22,2023-05-26,2023-06-17,Delivered,94,46002.66,22
487,48,21,2,2024-11-08,2024-11-22,2024-12-11,Deleyed,92,4983.64,19
488,55,14,4,2022-03-16,2022-03-25,2022-04-03,DELIVERED,40,19575.6,9
489,6,15,3,2023-08-28,2023-09-14,,CANCELLED,75,6099.75,
490,10,17,2,2024-10-15,2024-10-28,2024-10-27,Delivered,83,39273.11,0
491,96,17,3,2022-05-27,2022-06-10,2022-06-10,DELIVERED,39,18453.63,0
492,84,38,,2023-06-19,2023-06-22,2023-06-22,delivered,97,5893.72,0
493,41,22,4,2023-03-06,2023-03-24,2023-03-26,Deliverd,11,5036.68,2
494,2,20,2,2024-02-07,2024-02-14,,cancelled,95,29852.8,
495,3,21,3,2024-04-06,,,Canceled,76,4116.92,
496,14,13,4,2024-03-11,2024-03-26,2024-04-11,DELIVERED,61,19344.93,16
497,26,2,4,2022-03-07,2022-04-05,,cancelled,24,5440.56,
498,15,26,4,2024-07-20,2024-07-24,2024-07-23,Delivered,21,4209.24,0
499,76,39,2,2023-02-26,2023-03-10,2023-03-30,Deleyed,,34794.06,20
500,63,22,5,2022-05-12,2022-06-10,2022-06-22,Delayed,73,33425.24,12
501,23,27,2,2023-09-02,2023-09-17,,CANCELLED,32,832.96,
502,9,19,5,2022-07-15,2022-07-30,2022-07-29,delivered,86,33657.82,0
503,33,29,4,2022-09-06,2022-09-20,2022-09-28,Delivered,22,8703.64,8
504,33,3,4,2024-02-20,2024-03-04,2024-03-15,DELAYED,2,343.2,11
505,3,18,4,2022-06-19,2022-07-09,2022-07-13,Delivered,21,1965.39,4
506,87,46,2,2022-01-23,2022-02-16,2022-02-16,Delivered,5,759.3,0
507,99,50,1,2022-07-30,2022-08-14,2022-08-16,delivered,,,2
508,93,43,1,2022-01-30,2022-02-12,2022-02-14,Delivered,22,3273.38,2
509,14,15,1,2023-03-01,2023-03-21,2023-04-08,Deleyed,,2277.24,18
510,39,14,1,2023-03-27,2023-04-01,2023-04-02,Delivered,53,25937.67,1
511,98,12,3,2022-12-18,2022-12-29,2022-12-30,Deliverd,,39792.96,1
512,91,33,2,2024-07-08,2024-07-23,,Cancelled,76,27290.08,
513,31,25,2,2022-06-12,2022-06-16,2022-06-16,Deliverd,27,8764.2,0
514,43,15,1,2022-03-23,2022-04-11,2022-04-25,Delayed,94,7645.02,14
515,1,29,2,2023-04-01,2023-04-23,2023-05-08,delayed,81,32045.22,15
516,93,6,5,2022-09-15,2022-09-20,2022-09-19,delivered,55,15395.05,0
517,47,31,3,2023-08-08,2023-08-29,2023-09-09,Deleyed,11,1540.33,11
518,98,28,4,2022-11-16,2022-12-15,2022-12-20,delayed,11,1133.11,5
519,92,22,1,2023-09-19,2023-10-06,2023-10-08,,18,8241.84,2
520,50,48,4,2024-02-06,2024-02-24,2024-03-13,Delayed,48,12474.24,18
521,63,33,3,2024-02-28,2024-03-20,2024-03-21,Delivered,91,32676.28,1
522,59,17,2,2023-05-12,2023-05-30,2023-06-01,delivered,78,36907.26,2
523,25,6,5,2022-01-26,2022-02-01,2022-02-09,Deliverd,67,18753.97,8
524,19,50,5,2024-02-23,2024-03-15,2024-03-15,Deliverd,,14628.15,0
525,94,42,4,2024-10-04,2024-10-07,2024-10-08,delivered,37,1272.06,1
526,8,12,2,2022-08-14,2022-08-31,,Canceled,26,12617.28,
527,75,18,1,2022-08-12,2022-09-11,2022-09-09,,9,1598.85,0
528,35,34,5,2022-03-27,2022-04-02,2022-03-31,DELIVERED,98,26457.06,0
529,43,4,5,2023-12-04,,2024-01-01,Deliverd,46,19955.26,15
530,32,45,3,2022-09-09,2022-10-09,,CANCELLED,97,,
531,79,39,2,2023-10-22,2023-10-25,2023-11-10,Deliverd,63,12983.04,16
532,67,46,2,2024-02-28,2024-03-11,,Cancelled,19,2885.34,
533,31,43,4,2024-08-14,2024-08-22,2024-08-30,Delayed,70,,8
534,69,43,1,2023-10-31,2023-11-15,2023-11-15,DELIVERED,18,2678.22,0
535,34,15,4,2022-05-13,2022-06-05,2022-06-06,Delivered,29,2358.57,1
536,40,48,5,2022-08-26,2022-09-16,2022-09-16,Deliverd,1,259.88,0
537,51,15,,2022-09-16,2022-10-05,,cancelled,14,1138.62,
538,96,19,5,2024-10-20,2024-11-13,2024-11-22,Delayed,19,7436.03,9
539,64,41,4,2022-09-10,2022-09-21,,Cancelled,28,3231.76,
540,39,47,4,2023-03-08,2023-04-07,2023-04-08,delivered,51,11397.48,1
541,37,34,1,2024-08-27,2024-09-10,2024-09-27,Deleyed,94,25377.18,17
542,62,29,2,2022-04-21,2022-05-21,2022-05-20,delivered,90,35605.8,0
543,49,44,1,2024-01-12,2024-02-07,,Canceled,19,73340.0,
544,93,10,4,2023-01-03,,2023-01-27,delivered,81,23504.58,20
545,36,42,4,2022-12-20,2023-01-12,2023-01-19,Delayed,49,1684.62,7
546,13,45,3,2024-11-09,2024-11-19,2024-11-21,Deliverd,96,38883.84,2
547,51,45,4,2022-09-14,2022-09-20,2022-09-22,Deliverd,3,1215.12,2
548,1,45,5,2022-09-12,2022-10-09,2022-10-13,Delivered,24,9720.96,4
549,47,33,1,2022-06-29,2022-07-19,2022-07-21,Delivered,39,14004.12,2
550,63,9,4,2023-08-24,2023-09-17,,cancelled,74,18494.08,
551,46,39,2,2022-04-02,2022-04-12,2022-04-12,Deliverd,71,8226.06,0
552,89,44,3,2022-12-01,2022-12-16,2022-12-23,DELAYED,55,212300.0,7
553,20,11,5,2024-02-02,2024-02-23,,CANCELLED,54,3880.44,
554,47,41,3,2022-09-13,2022-10-03,2022-10-06,delivered,12,,3
555,94,12,1,2024-02-12,2024-02-22,2024-03-01,Deleyed,68,32999.04,8
556,24,49,3,2023-08-01,2023-08-21,2023-08-22,Deliverd,50,,1
557,7,48,5,2024-11-17,2024-12-12,2024-12-18,DELIVERED,35,9095.8,6
558,36,33,4,2024-07-26,2024-08-03,2024-08-19,delayed,37,13285.96,16
559,74,6,2,2024-04-12,2024-05-09,2024-05-09,Deliverd,,6158.02,0
560,79,26,1,2024-11-07,2024-12-03,2024-12-05,Delivered,2,400.88,2
561,58,3,5,2023-05-16,2023-06-11,,Canceled,78,13384.8,
562,15,11,4,2023-12-25,2023-12-29,2024-01-18,Delayed,48,3449.28,20
563,83,14,4,2022-01-05,2022-01-31,,CANCELLED,40,19575.6,
564,93,23,3,2022-01-13,2022-02-04,2022-02-19,Delayed,14,175.42,15
565,51,15,3,2022-11-11,2022-11-27,2022-12-01,delivered,61,4961.13,4
566,15,46,3,2024-06-18,2024-06-26,2024-06-27,Deliverd,26,,1
567,17,44,4,2023-02-12,2023-03-02,2023-03-03,Deliverd,92,355120.0,1
568,88,23,2,2024-03-07,2024-03-14,2024-03-18,DELIVERED,65,,4
569,66,10,5,2024-09-10,2024-09-22,2024-09-23,Delivered,94,27276.92,1
570,25,40,5,2024-05-28,2024-06-06,2024-06-14,delayed,24,,8
571,7,13,5,2023-01-29,2023-02-05,2023-02-10,delayed,12,3805.56,5
572,41,23,3,2024-05-24,2024-06-16,2024-06-16,Delivered,92,19767.12,0
573,33,28,1,2024-08-24,2024-09-04,,cancelled,24,2472.24,
574,36,39,5,2022-09-24,2022-10-07,2022-10-17,Delivered,48,6083.52,10
575,44,35,1,2023-01-26,2023-02-04,2023-02-12,delayed,80,17658.4,8
576,92,29,3,2024-05-06,2024-05-26,2024-06-09,Deliverd,81,32045.22,14
577,38,45,3,2022-02-14,2022-02-22,,Canceled,17,6885.68,
578,52,50,5,2024-11-17,2024-11-22,2024-11-24,Delivered,50,16253.5,2
579,29,17,5,2024-11-16,2024-12-03,,Cancelled,39,18453.63,
580,32,4,3,2022-03-22,2022-04-14,2022-04-20,,83,36006.23,6
581,38,27,2,2024-01-26,2024-02-08,2024-02-20,Delivered,79,2056.37,12
582,81,42,4,2022-12-28,2023-01-08,2023-01-10,Deliverd,33,1134.54,2
583,62,24,4,2024-03-20,2024-03-27,2024-04-08,delayed,19,8944.06,12
584,25,44,4,2023-01-05,2023-01-28,2023-01-27,delivered,78,301080.0,0
585,98,8,1,2024-12-14,2024-12-21,2024-12-29,delivered,2,866.74,8
586,26,46,3,2022-01-28,2022-02-25,2022-03-13,Deliverd,11,1670.46,16
587,16,41,,2023-05-15,2023-05-19,,cancelled,70,8079.4,
588,29,42,3,2022-01-03,2022-01-13,2022-01-14,Delivered,37,1272.06,1
589,20,3,1,2023-08-01,2023-08-15,2023-08-19,delivered,78,13384.8,4
590,34,43,4,2023-09-10,2023-10-02,2023-09-30,Delivered,48,7141.92,0
591,94,37,1,2022-10-28,2022-11-10,2022-11-11,delivered,55,15687.1,1
592,50,42,2,2024-05-18,2024-06-05,2024-06-20,Deleyed,32,1100.16,15
593,31,45,2,2024-05-13,2024-06-01,,Cancelled,12,4860.48,
594,54,10,4,2022-08-14,2022-08-18,2022-08-17,Delivered,71,20602.78,0
595,85,45,1,2022-10-21,2022-11-05,2022-11-12,delivered,14,5670.56,7
596,24,10,4,2022-06-07,2022-06-10,,cancelled,98,28437.64,
597,2,33,2,2022-01-28,2022-02-09,2022-02-07,Deliverd,21,7540.68,0
598,17,34,1,2024-10-24,2024-11-05,2024-11-04,Delivered,49,13228.53,0
599,52,42,3,2022-06-08,2022-07-07,2022-07-27,DELAYED,83,2853.54,20
600,37,2,3,2022-06-09,2022-06-23,,Canceled,31,7027.39,
601,62,3,5,2023-02-18,2023-03-13,2023-03-11,,73,12526.8,0
602,13,45,2,2024-03-26,2024-04-14,2024-04-15,Delivered,87,,1
603,20,19,1,2024-02-22,2024-03-11,,Cancelled,21,8218.77,
604,99,42,5,2022-10-16,2022-11-12,2022-12-02,DELIVERED,67,2303.46,20
605,10,40,2,2022-03-23,2022-04-17,2022-04-29,Deleyed,,27636.96,12
606,9,19,2,2023-09-26,2023-10-16,2023-10-17,Delivered,21,8218.77,1
607,6,37,1,2024-08-27,2024-09-07,2024-09-16,Deleyed,63,17968.86,9
608,88,24,3,2024-01-22,2024-02-10,,Cancelled,11,5178.14,
609,38,10,1,2023-05-17,2023-06-11,,Cancelled,14,4062.52,
610,94,6,1,2023-12-16,2024-01-02,2024-01-21,Deleyed,24,6717.84,19
611,95,14,4,2023-10-12,2023-10-25,,Cancelled,90,44045.1,
612,47,39,1,2023-03-14,2023-03-27,,Canceled,100,19634.0,
613,92,18,1,2024-05-16,2024-05-27,2024-05-28,delivered,52,2602.08,1
614,69,23,2,2022-07-09,2022-07-25,2022-07-31,Deliverd,54,13284.0,6
615,86,5,2,2022-01-21,2022-02-10,,,93,10205.82,
616,58,47,5,2024-10-19,2024-11-18,2024-11-19,Deliverd,1,,1
617,27,39,2,2023-01-20,2023-02-05,,Cancelled,49,5679.59,
618,55,23,4,2023-09-21,2023-10-10,2023-10-18,Delivered,46,19127.26,8
619,88,43,3,2022-11-30,2022-12-20,2023-01-06,Delayed,89,13242.31,17
620,80,48,4,2022-02-03,2022-02-25,2022-03-05,Deleyed,97,25208.36,8
621,16,13,1,2024-05-11,2024-05-20,2024-05-29,Deliverd,61,19344.93,9
622,40,43,3,2024-03-21,2024-03-24,2024-03-31,Deliverd,,5058.86,7
623,22,21,5,2022-03-08,2022-03-11,2022-03-11,delivered,43,2329.31,0
624,94,41,2,2024-03-16,2024-04-14,2024-04-23,delivered,50,5771.0,9
625,34,49,4,2024-10-29,2024-11-04,,cancelled,81,6877.71,
626,49,6,,2022-11-10,2022-11-13,,CANCELLED,74,20713.34,
627,36,43,3,2023-03-31,2023-04-12,2023-04-11,Delivered,7,1041.53,0
628,64,6,2,2024-07-29,2024-08-20,2024-08-20,delivered,10,,0
629,21,41,3,2022-05-31,,2022-06-19,delivered,58,6694.36,1
630,67,1,5,2022-08-29,2022-09-11,2022-09-13,delivered,21,101081.4,2
631,11,9,3,2022-11-09,2022-11-18,2022-11-17,DELIVERED,29,7247.68,0
632,33,26,5,2023-08-26,2023-09-12,2023-09-30,DELAYED,25,5011.0,18
633,96,28,4,2023-10-01,2023-10-09,2023-10-24,Delivered,77,7931.77,15
634,38,38,3,2024-02-05,2024-02-28,2024-02-26,DELIVERED,53,3220.28,0
635,100,24,3,2024-05-29,,2024-06-24,Delivered,19,8944.06,0
636,68,25,1,2023-10-21,2023-10-31,,Cancelled,37,11280.56,
637,54,3,4,2024-06-10,2024-06-23,2024-06-21,DELIVERED,36,,0
638,17,30,1,2022-02-06,2022-03-01,,Cancelled,,18273.93,
639,41,36,1,2024-04-30,2024-05-26,2024-05-26,DELIVERED,100,34654.0,0
640,18,4,2,2022-09-06,2022-10-05,2022-10-05,Deliverd,2,867.62,0
641,34,45,1,2024-01-26,2024-02-24,,Cancelled,7,2835.28,
642,19,9,1,2024-02-17,2024-02-28,2024-03-17,Deliverd,41,10246.72,18
643,94,21,3,2023-05-08,2023-05-29,2023-06-18,DELAYED,99,5362.83,20
644,86,14,1,2023-05-12,2023-06-05,2023-06-11,delivered,2,978.78,6
645,17,33,2,2024-12-16,2025-01-04,2025-01-12,Deliverd,14,5027.12,8
646,14,10,1,2023-01-20,2023-01-25,2023-01-25,Deliverd,,17410.8,0
647,20,28,3,2024-07-16,2024-07-30,2024-08-01,DELIVERED,28,2884.28,2
648,23,13,3,2024-02-23,2024-03-20,2024-03-31,Deleyed,52,16490.76,11
649,69,16,3,2023-05-25,2023-05-31,2023-05-29,Deliverd,9,721.17,0
650,37,46,3,2023-07-04,2023-07-22,2023-07-21,Deliverd,77,11693.22,0
651,61,1,2,2022-12-15,,2022-12-28,DELIVERED,86,413952.4,0
652,15,16,4,2022-01-20,,2022-02-15,DELIVERED,61,4887.93,4
653,70,48,4,2022-10-28,2022-11-24,2022-11-24,DELIVERED,45,11694.6,0
654,88,8,4,2023-11-15,2023-12-04,,Canceled,35,15167.95,
655,90,37,2,2022-10-18,2022-11-01,2022-11-06,Delayed,95,27095.9,5
656,34,34,4,2023-07-15,2023-08-07,,cancelled,23,6209.31,
657,73,28,1,2023-09-26,2023-10-05,2023-10-05,DELIVERED,,6077.59,0
658,39,43,5,2022-10-29,2022-11-15,2022-11-15,,21,3124.59,0
659,85,28,1,2022-09-10,2022-09-14,2022-09-28,delayed,46,4738.46,14
660,29,6,5,2022-11-14,2022-11-19,2022-11-18,delivered,38,10636.58,0
661,75,44,4,2022-07-20,2022-07-31,2022-07-30,DELIVERED,42,162120.0,0
662,49,35,4,2022-06-25,2022-07-07,,Cancelled,24,5297.52,
663,4,2,4,2024-01-03,2024-01-20,2024-01-21,delivered,72,16321.68,1
664,17,49,1,2024-11-14,,2024-12-05,Deliverd,51,4330.41,7
665,62,19,1,2022-08-08,2022-08-21,,Cancelled,73,28570.01,
666,82,15,2,2022-04-19,2022-05-14,2022-05-16,DELIVERED,87,7075.71,2
667,27,7,5,2023-02-16,,2023-02-24,Deliverd,32,4896.32,2
668,85,44,5,2024-09-17,2024-09-25,2024-10-02,Delivered,57,220020.0,7
669,38,31,2,2022-12-16,2023-01-04,,CANCELLED,62,8681.86,
670,59,2,2,2022-08-08,2022-08-25,2022-09-12,DELAYED,37,8387.53,18
671,46,1,3,2024-06-29,2024-07-03,2024-07-20,delivered,21,101081.4,17
672,36,46,4,2022-05-09,2022-05-17,2022-05-19,Deliverd,18,2733.48,2
673,42,9,3,2024-08-24,2024-09-15,2024-09-17,Deliverd,,22492.8,2
674,31,50,2,2023-04-20,2023-04-26,2023-04-27,Deliverd,94,30556.58,1
675,23,39,3,2023-05-28,2023-06-03,2023-06-09,Deliverd,81,34176.33,6
676,95,15,3,2023-02-05,2023-02-16,2023-03-07,delayed,,2114.58,19
677,10,37,4,2022-07-17,2022-07-26,2022-07-30,Deliverd,70,19965.4,4
678,81,29,1,2024-10-22,2024-11-05,2024-11-10,Delivered,55,21759.1,5
679,50,19,2,2024-10-18,2024-10-28,2024-10-29,delivered,33,12915.21,1
680,8,26,3,2024-11-26,2024-12-18,,CANCELLED,80,16035.2,
681,8,22,2,2022-03-08,2022-03-21,2022-04-03,DELAYED,98,44872.24,13
682,77,23,1,2023-04-28,2023-05-16,2023-05-28,Deliverd,10,4754.5,12
683,56,42,2,2022-03-14,2022-04-01,,Canceled,45,1547.1,
684,95,44,,2023-02-06,2023-02-26,,CANCELLED,88,339680.0,
685,8,23,3,2024-05-24,2024-06-13,2024-06-11,Delivered,25,4453.25,0
686,57,4,1,2022-04-04,2022-05-02,2022-05-03,DELIVERED,17,7374.77,1
687,10,43,1,2022-09-23,2022-10-15,2022-11-04,Deleyed,10,1487.9,20
688,41,34,2,2023-03-28,2023-04-14,2023-04-26,Delivered,35,9448.95,12
689,71,20,2,2024-09-22,2024-10-03,2024-10-02,delivered,95,29852.8,0
690,39,38,3,2024-07-18,2024-07-24,2024-07-22,DELIVERED,50,,0
691,24,14,2,2024-02-23,2024-03-09,2024-03-15,DELAYED,49,23980.11,6
692,80,22,1,2023-11-20,2023-12-19,2023-12-25,Delivered,93,42582.84,6
693,93,28,4,2023-08-12,2023-09-11,,Canceled,74,7622.74,
694,38,50,2,2023-05-03,2023-05-10,2023-05-10,DELIVERED,70,22754.9,0
695,3,29,2,2022-01-26,2022-02-01,2022-02-01,DELIVERED,60,23737.2,0
696,24,5,3,2022-04-30,2022-05-21,2022-05-23,DELIVERED,57,6255.18,2
697,84,15,1,2022-10-28,2022-11-27,,CANCELLED,15,1219.95,
698,77,46,5,2022-05-05,2022-05-30,2022-06-09,Deliverd,6,911.16,10
699,4,19,4,2024-01-31,2024-02-29,2024-03-07,DELAYED,19,7436.03,7
700,14,38,2,2023-08-26,2023-09-17,2023-09-15,DELIVERED,4,243.04,0
701,71,37,5,2022-11-04,2022-11-19,2022-12-08,Delivered,81,23102.82,19
702,35,29,5,2024-08-25,2024-09-18,,Canceled,41,16220.42,
703,47,47,4,2023-04-18,2023-05-05,2023-05-07,Delivered,53,11844.44,2
704,32,9,5,2024-07-08,2024-08-05,2024-08-17,delayed,69,17244.48,12
705,64,10,5,2022-08-30,2022-09-04,2022-09-22,delayed,,21473.32,18
706,17,48,4,2023-06-24,2023-07-21,,Cancelled,13,3378.44,
707,72,26,2,2024-12-20,2025-01-04,2025-01-20,DELAYED,90,18039.6,16
708,95,41,4,2022-08-09,2022-09-04,2022-09-04,Deliverd,58,6694.36,0
709,59,44,3,2024-11-09,2024-11-14,2024-12-06,DELIVERED,84,324240.0,22
710,66,34,5,2023-11-30,2023-12-04,,cancelled,75,20247.75,
711,45,21,5,2022-03-27,2022-04-25,2022-04-25,DELIVERED,13,704.21,0
712,66,14,1,2023-06-16,,2023-07-14,Delivered,71,34746.69,6
713,67,47,4,2022-01-14,2022-02-01,2022-02-01,Delivered,57,12738.36,0
714,29,23,1,2024-06-04,2024-06-22,2024-06-21,DELIVERED,11,4121.7,0
715,41,46,1,2022-06-01,2022-06-26,2022-07-08,Delivered,67,10174.62,12
716,37,32,2,2024-02-10,2024-03-11,2024-03-19,Delivered,24,8866.56,8
717,89,3,2,2022-01-07,2022-01-23,2022-01-25,delivered,54,9266.4,2
718,38,39,4,2023-01-04,2023-01-16,2023-02-02,DELIVERED,46,12708.42,17
719,91,45,3,2024-05-20,2024-05-26,2024-05-26,Deliverd,51,,0
720,34,50,5,2023-07-03,2023-07-22,2023-07-25,Deliverd,42,13652.94,3
721,74,27,4,2024-09-21,2024-10-17,2024-10-15,Delivered,29,754.87,0
722,71,50,3,2022-02-10,2022-03-08,2022-03-12,delivered,99,32181.93,4
723,71,27,3,2024-03-21,2024-04-20,2024-04-19,Delivered,28,728.84,0
724,4,19,2,2024-10-24,2024-11-08,2024-11-14,delayed,39,15263.43,6
725,10,6,3,2024-02-13,2024-03-07,2024-03-16,Deleyed,10,2799.1,9
726,40,13,4,2022-11-07,2022-11-13,,Cancelled,78,24736.14,
727,90,18,5,2024-08-23,2024-09-07,2024-09-06,Delivered,62,9260.94,0
728,62,29,2,2022-08-10,2022-08-27,2022-08-25,DELIVERED,48,18989.76,0
729,79,10,1,2022-12-13,2022-12-22,2023-01-03,delayed,52,15089.36,12
730,89,1,4,2023-11-23,2023-12-22,2023-12-24,Deliverd,35,168469.0,2
731,10,28,1,2023-10-22,2023-11-08,2023-11-15,delayed,90,9270.9,7
732,63,41,2,2022-08-21,2022-08-25,2022-09-14,Deleyed,68,7848.56,20
733,19,42,5,2023-08-26,2023-09-21,2023-09-23,DELIVERED,22,756.36,2
734,20,27,3,2023-11-08,2023-12-04,2023-12-05,Delivered,23,598.69,1
735,82,5,2,2024-07-28,2024-08-10,2024-08-11,Delivered,45,4938.3,1
736,85,35,5,2024-05-22,2024-06-12,2024-06-13,Delivered,83,18320.59,1
737,50,42,5,2022-07-29,2022-08-05,,cancelled,99,3403.62,
738,19,40,1,2024-08-27,2024-09-05,2024-09-04,DELIVERED,19,6732.08,0
739,16,33,3,2024-06-19,2024-07-05,2024-07-20,Deleyed,98,35189.84,15
740,56,46,3,2023-10-12,2023-10-31,2023-11-05,DELIVERED,19,2885.34,5
741,72,14,4,2023-12-15,2023-12-23,2024-01-05,delivered,79,38661.81,13
742,76,13,5,2022-01-22,2022-01-31,2022-02-16,DELAYED,1,,16
743,74,18,3,2023-07-14,2023-07-18,2023-07-20,Deliverd,81,3081.24,2
744,4,3,1,2024-08-27,2024-09-22,,Canceled,48,8236.8,
745,36,7,3,2022-09-02,2022-09-06,2022-09-12,Delayed,70,10710.7,6
746,98,5,1,2022-12-13,2023-01-03,2023-01-04,Delivered,25,2743.5,1
747,16,36,3,2024-11-01,2024-11-17,2024-11-20,Delivered,45,15594.3,3
748,82,1,2,2022-07-05,2022-07-13,2022-07-15,delivered,28,134775.2,2
749,53,18,2,2023-01-27,2023-02-22,2023-02-23,delivered,18,5163.66,1
750,99,24,5,2023-06-26,2023-07-01,2023-07-17,delayed,45,21183.3,16
751,90,14,3,2023-03-08,2023-04-02,2023-04-18,DELAYED,44,21533.16,16
752,76,9,4,2024-08-15,2024-08-26,2024-09-03,Delivered,60,14995.2,8
753,13,22,3,2022-01-17,2022-01-25,2022-02-14,delayed,83,,20
754,61,47,4,2024-07-23,2024-08-13,,cancelled,52,11620.96,
755,100,27,1,2022-03-24,2022-04-03,,Cancelled,55,1431.65,
756,43,9,2,2024-12-09,2024-12-18,,Cancelled,85,21243.2,
757,11,20,2,2024-07-28,2024-08-12,2024-08-11,Deliverd,40,12569.6,0
758,71,7,3,2024-02-06,2024-02-09,2024-02-19,Deleyed,61,9333.61,10
759,94,19,3,2022-07-16,2022-07-31,2022-07-30,Delivered,87,34049.19,0
760,48,50,2,2022-02-25,2022-03-07,,Cancelled,31,10077.17,
761,56,14,1,2023-04-17,2023-04-24,2023-05-05,delayed,39,19086.21,11
762,67,26,2,2024-09-11,2024-09-15,2024-09-22,Delivered,88,17638.72,7
763,63,25,5,2024-04-08,2024-05-06,2024-05-05,Deliverd,88,20486.4,0
764,69,46,4,2022-08-26,2022-09-17,2022-10-03,delayed,43,6529.98,16
765,94,33,2,2022-06-13,2022-06-20,2022-06-22,Deliverd,79,28367.32,2
766,44,17,3,2024-01-22,2024-01-26,,Cancelled,55,26024.35,
767,95,23,1,2022-02-05,2022-02-22,2022-02-20,Delivered,94,2626.36,0
768,6,37,5,2023-07-17,2023-07-31,2023-08-12,delayed,59,16827.98,12
769,96,22,1,2022-07-27,2022-08-11,,Canceled,82,37546.16,
770,39,37,2,2022-06-12,2022-07-11,2022-07-19,delayed,34,9697.48,8
771,78,18,2,2023-03-17,2023-04-13,2023-04-26,DELAYED,65,,13
772,29,7,,2024-04-28,2024-05-22,2024-05-23,Delivered,29,4437.29,1
773,2,25,5,2024-08-01,2024-08-22,2024-09-06,Deleyed,61,28404.04,15
774,11,43,1,2024-12-26,2025-01-20,2025-01-27,DELIVERED,74,11010.46,7
775,22,40,2,2023-09-15,2023-09-27,2023-09-28,Deliverd,,26574.0,1
776,28,39,4,2024-10-02,2024-10-12,2024-10-21,DELAYED,16,920.32,9
777,36,27,2,2024-04-01,2024-04-21,2024-05-07,Delayed,77,2004.31,16
778,52,26,5,2023-10-13,2023-11-01,,CANCELLED,29,5812.76,
779,54,38,4,2022-01-07,2022-01-27,2022-01-28,Delivered,84,5103.84,1
780,79,2,4,2022-06-14,2022-07-06,,CANCELLED,42,,
781,48,11,2,2024-03-08,2024-03-28,,CANCELLED,59,4239.74,
782,57,44,2,2023-08-24,2023-08-29,2023-08-30,Deliverd,78,301080.0,1
783,53,44,1,2023-11-10,2023-12-10,2023-12-08,Deliverd,87,335820.0,0
784,57,46,5,2022-09-05,2022-09-30,,cancelled,4,607.44,
785,19,8,4,2022-03-23,2022-04-06,2022-04-25,Delayed,14,6067.18,19
786,83,7,3,2022-10-18,2022-10-28,2022-11-08,Deleyed,43,6579.43,11
787,18,18,5,2024-06-29,2024-07-12,2024-07-25,delayed,77,2118.27,13
788,20,44,4,2023-09-21,2023-10-16,2023-10-16,delivered,38,146680.0,0
789,93,17,1,2023-04-12,2023-04-15,2023-04-14,Deliverd,47,22238.99,0
790,49,34,3,2022-11-16,2022-12-07,,Canceled,48,12958.56,
791,78,10,2,2024-02-17,2024-02-20,2024-02-20,delivered,36,10446.48,0
792,47,48,2,2022-01-25,2022-02-23,,Cancelled,26,6756.88,
793,73,4,1,2024-12-31,2025-01-30,,Canceled,58,25160.98,
794,25,6,3,2024-07-23,2024-07-31,2024-08-18,delivered,96,26871.36,18
795,15,13,1,2024-09-04,2024-09-21,2024-09-19,Delivered,62,19662.06,0
796,25,50,4,2022-01-20,2022-02-10,2022-02-18,Deleyed,83,26980.81,8
797,34,42,3,2023-07-09,2023-07-27,2023-07-28,DELIVERED,39,1340.82,1
798,98,32,4,2022-08-17,2022-09-13,2022-09-13,Deliverd,21,2049.81,0
799,99,20,5,2023-02-01,2023-02-28,2023-03-04,DELIVERED,41,12883.84,4
800,42,43,5,2023-10-26,2023-11-03,2023-11-05,Deliverd,21,3124.59,2
801,58,48,3,2024-08-24,2024-09-23,2024-09-23,,41,10655.08,0
802,92,14,2,2024-04-17,2024-05-01,2024-05-03,Delivered,85,41598.15,2
803,21,5,1,2023-02-13,2023-03-13,2023-03-19,Deliverd,32,3511.68,6
804,13,39,3,2024-03-09,2024-04-03,2024-04-15,DELAYED,76,14725.76,12
805,74,38,2,2022-06-01,2022-06-14,2022-06-23,delayed,39,2369.64,9
806,58,24,3,2024-12-23,2025-01-21,2025-01-22,DELIVERED,99,46603.26,1
807,83,9,1,2023-06-15,2023-06-26,,CANCELLED,16,3998.72,
808,37,35,3,2024-11-15,2024-11-29,2024-11-27,Delivered,63,13905.99,0
809,79,37,1,2024-12-25,2025-01-02,,Cancelled,60,17113.2,
810,68,22,5,2024-07-13,2024-08-08,2024-08-09,Deliverd,59,27014.92,1
811,87,15,3,2024-03-09,2024-03-12,2024-03-13,delivered,75,6099.75,1
812,6,35,1,2022-11-09,2022-11-18,2022-11-17,Delivered,78,17216.94,0
813,4,50,2,2023-03-04,2023-03-13,2023-03-13,Deliverd,46,,0
814,76,50,2,2023-03-04,2023-03-19,2023-03-20,delivered,49,15928.43,1
815,54,48,3,2022-11-30,2022-12-27,2022-12-28,DELIVERED,41,10655.08,1
816,47,7,4,2022-02-03,2022-02-06,2022-02-24,Deleyed,46,7038.46,18
817,42,18,1,2022-06-22,2022-07-15,2022-08-04,delayed,94,30757.74,20
818,21,40,3,2024-08-20,2024-09-16,2024-09-15,delivered,54,19133.28,0
819,34,41,4,2022-08-13,,2022-09-09,Delivered,48,,0
820,2,11,2,2022-10-23,2022-11-08,2022-11-10,Deliverd,13,934.18,2
821,82,9,,2024-04-30,2024-05-30,,cancelled,78,19493.76,
822,17,15,2,2022-07-17,2022-08-04,2022-08-15,Delayed,66,5367.78,11
823,67,43,4,2022-08-04,2022-08-14,2022-08-14,DELIVERED,76,11308.04,0
824,19,12,2,2022-10-25,2022-11-15,2022-11-17,delivered,2,970.56,2
825,80,14,4,2024-09-17,2024-10-17,2024-10-19,DELIVERED,59,28874.01,2
826,86,43,4,2023-01-17,2023-01-28,2023-02-07,DELIVERED,13,1934.27,10
827,17,46,5,2022-09-16,2022-09-22,2022-09-24,Deliverd,38,5770.68,2
828,100,44,,2024-10-30,2024-11-07,2024-11-18,DELAYED,29,111940.0,11
829,22,45,2,2024-12-22,2025-01-10,2025-01-19,delivered,68,27542.72,9
830,7,13,4,2022-11-08,2022-11-28,,cancelled,36,11416.68,
831,72,17,1,2024-09-02,2024-09-19,2024-09-19,Delivered,91,43058.47,0
832,32,38,4,2022-11-25,2022-12-22,2022-12-21,DELIVERED,25,1519.0,0
833,2,49,3,2022-11-07,2022-11-16,2022-11-25,Delayed,42,3566.22,9
834,93,5,2,2024-06-16,2024-06-28,2024-06-30,Delivered,97,10644.78,2
835,63,46,2,2024-08-13,2024-08-29,,Cancelled,89,13515.54,
836,14,4,4,2024-01-13,2024-01-23,2024-02-10,DELAYED,82,35572.42,18
837,86,32,5,2023-05-30,2023-06-13,2023-06-14,Deliverd,29,8689.27,1
838,83,7,5,2024-11-28,2024-12-28,2025-01-03,Delayed,76,11628.76,6
839,59,42,3,2024-05-13,2024-06-11,2024-06-17,Deleyed,57,1959.66,6
840,43,2,2,2022-02-22,2022-03-03,,Cancelled,81,18361.89,
841,34,45,4,2023-12-06,2023-12-20,2023-12-18,DELIVERED,82,33213.28,0
842,30,23,3,2022-12-19,2023-01-18,2023-01-25,Delayed,79,21625.46,7
843,45,46,3,2023-01-17,2023-02-13,2023-02-24,DELAYED,63,9567.18,11
844,83,33,3,2022-08-17,2022-08-26,,Canceled,90,32317.2,
845,92,17,4,2022-07-05,2022-07-30,,Canceled,19,8990.23,
846,57,21,1,2023-08-25,2023-09-16,,Canceled,29,1570.93,
847,3,19,1,2023-03-25,2023-04-04,2023-04-03,Deliverd,32,12523.84,0
848,74,26,5,2024-04-24,2024-05-02,,cancelled,81,16235.64,
849,18,23,5,2023-06-24,2023-07-10,2023-07-09,delivered,10,4794.6,0
850,92,39,1,2024-11-05,2024-11-30,2024-12-15,delayed,30,10885.5,15
851,3,5,4,2024-06-15,2024-07-03,,Cancelled,22,2414.28,
852,92,47,3,2022-05-11,2022-06-04,2022-06-04,delivered,4,893.92,0
853,88,50,2,2023-09-16,2023-09-29,2023-10-01,Delivered,70,22754.9,2
854,23,39,2,2022-05-26,,2022-06-16,Deliverd,100,38182.0,0
855,18,45,4,2024-04-06,2024-04-27,2024-05-15,DELAYED,61,24707.44,18
856,11,42,3,2024-10-20,2024-10-25,2024-10-24,DELIVERED,82,2819.16,0
857,50,1,1,2022-05-02,2022-05-26,2022-05-24,DELIVERED,42,202162.8,0
858,20,23,2,2024-10-17,2024-10-25,,CANCELLED,13,5685.29,
859,16,3,5,2022-11-01,2022-11-30,2022-12-05,DELAYED,69,11840.4,5
860,44,10,5,2022-12-09,2022-12-15,2022-12-26,Deleyed,79,22924.22,11
861,46,26,2,2022-05-15,2022-05-28,2022-05-27,Deliverd,6,1202.64,0
862,42,43,1,2022-07-22,2022-08-21,,CANCELLED,84,12498.36,
863,63,25,4,2022-10-05,2022-10-22,2022-10-23,Deliverd,11,2753.63,1
864,70,48,5,2022-04-23,2022-05-12,2022-05-10,Delivered,74,19231.12,0
865,95,44,1,2023-01-21,2023-02-04,,cancelled,56,216160.0,
866,82,14,4,2024-07-25,2024-08-02,2024-08-04,Deliverd,74,36214.86,2
867,20,26,3,2022-01-10,2022-01-20,2022-01-29,DELIVERED,6,1202.64,9
868,25,25,4,2023-09-27,2023-10-06,2023-10-04,Delivered,36,15224.04,0
869,42,32,2,2024-07-08,2024-07-15,2024-07-13,Deliverd,9,898.65,0
870,5,32,5,2023-06-20,2023-06-26,2023-06-25,delivered,26,1879.54,0
871,57,48,4,2022-05-19,2022-05-29,2022-06-14,delayed,19,4937.72,16
872,83,30,3,2022-01-30,2022-02-06,2022-02-12,DELIVERED,26,12841.14,6
873,78,5,4,2023-11-19,2023-12-13,2023-12-18,delayed,32,3511.68,5
874,93,2,5,2022-05-14,2022-05-30,,cancelled,80,18135.2,
875,81,15,1,2022-01-13,2022-01-28,2022-01-29,Delivered,98,7970.34,1
876,31,29,4,2024-03-01,2024-03-13,,cancelled,96,37979.52,
877,37,15,3,2022-11-10,2022-11-27,,CANCELLED,19,1545.27,
878,17,15,5,2022-02-12,2022-02-28,2022-03-01,Deliverd,52,4229.16,1
879,52,21,3,2024-06-28,2024-07-13,2024-07-29,delayed,86,4658.62,16
880,40,24,4,2024-01-15,2024-02-01,,Cancelled,83,39071.42,
881,24,34,4,2024-04-24,,2024-04-30,delivered,56,15118.32,2
882,60,27,2,2022-11-16,2022-12-09,2022-12-20,Deleyed,41,1067.23,11
883,12,4,1,2022-03-14,2022-04-07,2022-04-06,delivered,43,18653.83,0
884,61,38,3,2022-05-16,2022-05-30,,cancelled,58,3524.08,
885,21,40,5,2022-11-08,2022-11-16,2022-11-24,DELAYED,53,18778.96,8
886,3,25,4,2022-10-28,2022-11-14,2022-11-20,DELIVERED,62,5798.24,6
887,48,22,3,2022-02-10,2022-02-28,,cancelled,11,5036.68,
888,76,32,5,2023-02-08,2023-03-03,2023-03-01,DELIVERED,3,944.13,0
889,56,17,3,2022-02-18,2022-03-08,2022-03-14,Deliverd,58,,6
890,26,20,1,2022-01-22,2022-02-17,,Cancelled,49,15397.76,
891,44,27,4,2024-01-22,2024-02-19,,cancelled,91,2368.73,
892,98,2,1,2024-07-10,2024-08-03,2024-08-12,DELIVERED,17,3853.73,9
893,75,5,5,2022-06-28,2022-07-28,2022-07-26,Deliverd,20,2194.8,0
894,1,46,1,2022-09-07,2022-09-11,2022-09-09,delivered,12,1822.32,0
895,37,39,4,2024-12-20,2024-12-29,2025-01-09,Delayed,91,9206.47,11
896,10,45,1,2023-02-09,2023-02-20,2023-03-02,delivered,98,39693.92,10
897,84,34,2,2024-04-24,2024-05-13,2024-05-13,DELIVERED,1,269.97,0
898,87,1,4,2023-12-06,2024-01-01,2024-01-04,DELIVERED,96,462086.4,3
899,63,20,4,2023-06-22,2023-07-18,2023-07-19,delivered,98,30795.52,1
900,58,30,4,2024-04-19,2024-05-06,2024-05-21,Deleyed,,29633.4,15
901,24,10,2,2023-10-11,,2023-10-24,Deliverd,76,,0
902,78,13,2,2024-03-14,2024-03-22,2024-03-29,delivered,63,19979.19,7
903,64,16,2,2022-08-06,2022-08-11,2022-08-18,Delivered,67,5368.71,7
904,77,40,4,2023-09-29,2023-10-23,,cancelled,16,5669.12,
905,30,21,2,2024-08-27,2024-09-01,2024-09-02,Deliverd,89,4821.13,1
906,79,46,2,2023-11-10,2023-12-05,2023-12-25,Deliverd,76,11541.36,20
907,94,30,4,2022-07-15,2022-07-30,2022-08-06,delivered,78,38523.42,7
908,72,40,3,2022-05-01,2022-05-19,2022-05-17,DELIVERED,62,21967.84,0
909,8,19,1,2023-02-14,2023-03-15,2023-04-06,DELIVERED,94,36788.78,22
910,98,42,1,2022-01-23,2022-02-04,2022-02-04,delivered,83,2853.54,0
911,78,13,3,2024-06-28,2024-07-25,2024-07-25,delivered,,28858.83,0
912,49,21,2,2023-10-31,2023-11-20,2023-12-06,DELAYED,93,5037.81,16
913,92,4,5,2022-03-12,2022-04-04,2022-04-06,Delivered,93,40344.33,2
914,9,22,4,2023-04-27,2023-05-02,2023-05-06,Deliverd,97,44414.36,4
915,83,16,2,2022-07-03,,2022-07-30,delivered,8,641.04,0
916,98,2,4,2022-11-09,,2022-12-09,Deliverd,66,14961.54,0
917,90,1,4,2023-03-04,2023-03-14,,Canceled,45,,
918,21,33,3,2023-07-31,2023-08-11,,cancelled,50,17954.0,
919,27,50,5,2022-09-02,2022-09-25,2022-09-26,Delivered,52,16903.64,1
920,81,4,4,2023-09-04,2023-10-03,2023-10-15,DELIVERED,,,12
921,97,26,4,2023-01-06,2023-02-05,2023-02-06,DELIVERED,78,15634.32,1
922,1,1,1,2022-06-09,2022-07-01,2022-07-19,delivered,36,173282.4,18
923,16,50,3,2024-05-16,2024-06-11,2024-06-12,delivered,5,1625.35,1
924,72,38,4,2022-03-04,,2022-03-20,Deliverd,89,5407.64,0
925,53,32,1,2024-03-25,,2024-04-23,Delayed,56,23347.52,5
926,35,2,3,2023-07-31,2023-08-26,2023-09-06,Deleyed,86,19495.34,11
927,12,19,1,2024-06-10,2024-06-30,2024-07-12,Deleyed,47,18394.39,12
928,99,30,3,2022-10-26,2022-11-08,2022-11-10,Deliverd,45,22225.05,2
929,70,29,4,2022-06-27,2022-07-19,2022-07-31,Delivered,97,38375.14,12
930,51,14,2,2022-10-25,2022-11-16,2022-11-15,Delivered,89,43555.71,0
931,88,48,2,2022-01-09,2022-01-20,,Cancelled,30,7796.4,
932,97,23,5,2024-03-19,2024-04-07,2024-04-19,Deleyed,96,20152.32,12
933,89,32,1,2022-01-02,2022-01-30,,CANCELLED,19,8716.44,
934,10,50,2,2023-01-27,2023-01-30,2023-01-28,Delivered,88,28606.16,0
935,80,20,2,2023-09-07,2023-09-20,2023-10-06,Delayed,55,17283.2,16
936,76,28,1,2023-12-21,2023-12-24,2024-01-03,Deliverd,89,9167.89,10
937,96,30,1,2022-06-27,2022-07-15,2022-07-13,Deliverd,49,24200.61,0
938,88,7,4,2024-07-13,2024-07-22,,Cancelled,2,306.02,
939,93,35,4,2024-08-06,2024-08-17,,CANCELLED,84,18541.32,
940,88,28,3,2022-03-23,2022-04-04,,Canceled,15,1545.15,
941,44,12,3,2022-12-28,2023-01-24,2023-01-30,Deleyed,29,14073.12,6
942,47,29,1,2022-08-26,2022-09-01,2022-09-03,DELIVERED,64,25319.68,2
943,12,5,4,2023-07-26,2023-08-11,,cancelled,9,987.66,
944,70,29,2,2022-10-09,2022-10-15,2022-10-17,Delivered,85,33627.7,2
945,51,48,,2022-08-26,2022-09-15,2022-09-14,Delivered,90,23389.2,0
946,61,13,2,2022-01-19,2022-01-31,2022-01-30,delivered,85,26956.05,0
947,73,33,4,2022-05-26,2022-06-02,2022-06-05,Deliverd,10,3590.8,3
948,86,2,4,2023-06-22,2023-07-08,2023-07-12,Deliverd,25,5667.25,4
949,97,27,5,2022-09-18,2022-10-06,,cancelled,83,2160.49,
950,19,46,1,2024-05-04,,,cancelled,100,15186.0,
951,61,21,5,2023-12-01,2023-12-13,,Canceled,40,2166.8,
952,33,41,5,2023-12-03,2023-12-23,,cancelled,9,1038.78,
953,43,23,2,2023-10-26,2023-11-05,,cancelled,40,4160.0,
954,60,21,5,2022-10-13,2022-11-10,2022-11-10,DELIVERED,27,1462.59,0
955,92,26,2,2023-11-22,2023-11-30,2023-12-16,DELAYED,62,12427.28,16
956,25,1,4,2024-02-11,2024-03-11,,CANCELLED,9,43320.6,
957,7,13,4,2023-07-22,2023-08-10,,CANCELLED,35,11099.55,
958,35,18,1,2022-09-02,2022-09-09,2022-09-07,Deliverd,14,3902.64,0
959,29,16,4,2022-01-21,2022-01-27,2022-02-06,DELIVERED,30,2403.9,10
960,22,49,3,2022-02-17,2022-03-09,,Canceled,,2462.39,
961,29,16,1,2023-07-07,2023-08-04,2023-08-12,delayed,53,,8
962,13,25,5,2023-09-24,2023-10-10,,CANCELLED,58,6644.48,
963,63,14,3,2024-02-18,2024-02-21,,cancelled,87,42576.93,
964,27,11,4,2024-06-24,2024-07-16,2024-07-14,DELIVERED,52,3736.72,0
965,9,42,2,2024-08-19,2024-08-22,,CANCELLED,90,,
966,45,28,1,2024-06-12,2024-07-08,2024-07-26,DELAYED,33,3399.33,18
967,47,3,2,2024-11-25,2024-12-17,,Canceled,49,8408.4,
968,40,18,4,2022-06-12,2022-07-01,2022-07-01,Delivered,24,2934.0,0
969,31,28,,2022-12-27,2023-01-08,,Cancelled,22,2266.22,
970,24,10,2,2023-01-02,,2023-01-30,delivered,69,,8
971,20,4,2,2024-10-30,2024-11-03,2024-11-12,DELAYED,61,26462.41,9
972,18,5,,2022-12-25,2023-01-19,2023-01-28,Deliverd,49,5377.26,9
973,96,37,5,2024-04-07,2024-04-26,2024-05-12,Deleyed,92,26240.24,16
974,39,39,1,2022-03-16,2022-03-25,2022-03-25,delivered,53,10465.38,0
975,51,42,2,2022-10-29,,,Canceled,39,1340.82,
976,13,10,2,2024-08-10,2024-08-24,2024-08-25,Deliverd,82,23794.76,1
977,9,3,4,2022-06-09,2022-07-01,2022-07-03,,62,10639.2,2
978,43,29,1,2023-07-07,2023-07-11,2023-07-13,DELIVERED,52,20572.24,2
979,100,3,5,2022-09-10,2022-09-27,2022-10-15,Delayed,86,14757.6,18
980,26,10,2,2023-11-08,2023-12-02,2023-12-15,Deleyed,98,,13
981,71,10,4,2022-09-30,2022-10-09,2022-10-20,,55,15959.9,11
982,87,30,2,2023-06-28,2023-07-24,2023-07-31,Deleyed,22,10865.58,7
983,95,36,5,2024-02-02,2024-03-03,2024-03-16,delayed,71,24604.34,13
984,56,15,2,2023-07-26,2023-08-23,,cancelled,3,243.99,
985,60,15,2,2023-09-08,2023-10-06,2023-10-05,DELIVERED,32,2602.56,0
986,52,4,3,2023-09-05,2023-09-10,2023-09-11,Deliverd,56,24293.36,1
987,52,38,4,2023-09-23,2023-10-03,2023-10-23,delayed,28,1701.28,20
988,95,6,,2023-11-01,2023-11-22,2023-11-29,Deleyed,11,3079.01,7
989,88,24,3,2022-11-08,2022-11-12,2022-11-10,Delivered,87,40954.38,0
990,63,11,2,2022-03-21,2022-04-11,2022-04-15,Delivered,51,3664.86,4
991,37,32,1,2023-06-17,2023-06-25,,Canceled,78,9333.48,
992,42,20,2,2024-11-08,2024-11-20,2024-11-28,delivered,86,27024.64,8
993,37,47,2,2022-10-30,2022-11-05,2022-11-14,delayed,10,2234.8,9
994,45,26,2,2023-09-12,,2023-10-17,DELIVERED,25,5011.0,10
995,90,49,3,2024-03-25,2024-04-22,2024-04-22,delivered,73,6198.43,0
996,93,32,5,2023-11-17,,2023-12-11,Delivered,36,16364.88,17
997,88,10,2,2024-02-03,2024-02-16,2024-02-18,DELIVERED,43,12477.74,2
998,59,35,3,2023-02-07,2023-02-23,2023-02-25,Deliverd,97,21410.81,2
999,76,15,5,2024-05-04,2024-05-21,,Cancelled,41,3334.53,
1000,1,16,4,2024-03-19,2024-03-30,2024-03-28,DELIVERED,51,4086.63,0
1001,85,14,5,2022-02-03,2022-02-22,2022-02-28,delivered,69,33767.91,6
1002,62,42,,2022-12-29,2023-01-18,2023-01-19,DELIVERED,32,1100.16,1
1003,89,20,3,2022-11-28,2022-12-14,2022-12-16,delivered,70,,2
1004,99,8,3,2023-05-06,2023-05-11,2023-05-25,Delivered,65,28169.05,14
1005,3,17,5,2023-12-31,2024-01-28,2024-01-29,Delivered,93,44004.81,1
1006,81,31,2,2024-12-05,2025-01-03,,CANCELLED,97,13582.91,
1007,85,48,1,2024-04-04,2024-04-13,2024-04-14,Deliverd,30,7796.4,1
1008,3,37,1,2022-03-27,2022-03-31,2022-04-11,DELAYED,46,13120.12,11
1009,76,50,5,2024-08-07,2024-08-12,2024-08-23,DELIVERED,15,4876.05,11
1010,39,7,1,2023-10-12,2023-10-22,2023-10-23,DELIVERED,8,1224.08,1
1011,40,5,3,2024-04-23,2024-04-28,,Cancelled,64,7023.36,
1012,15,7,5,2022-10-09,2022-10-28,,cancelled,47,7191.47,
1013,74,46,1,2022-06-11,2022-06-21,2022-06-23,DELIVERED,71,10782.06,2
1014,76,5,,2023-10-01,2023-10-17,2023-10-18,Delivered,13,1426.62,1
1015,43,16,5,2023-06-26,2023-07-04,,Cancelled,,881.43,
1016,88,27,2,2022-09-17,2022-09-25,,Canceled,1,26.03,
1017,76,23,3,2024-03-06,2024-03-15,,cancelled,18,3747.96,
1018,52,1,4,2024-05-10,2024-05-21,,Canceled,15,72201.0,
1019,18,44,1,2023-05-25,2023-06-01,2023-05-31,Delivered,51,196860.0,0
1020,16,47,2,2022-01-29,2022-02-14,2022-02-15,Deliverd,83,18548.84,1
1021,56,32,2,2023-02-17,,2023-03-19,Deliverd,63,29930.04,0
1022,23,19,2,2024-07-28,,2024-08-14,Delivered,36,14089.32,0
1023,57,31,2,2024-07-09,,2024-07-24,delivered,29,4060.87,6
1024,35,45,3,2024-11-09,2024-12-02,2024-12-02,DELIVERED,,5265.52,0
1025,24,37,5,2022-08-08,2022-08-18,2022-08-17,Delivered,,19394.96,0
1026,93,47,1,2024-05-09,2024-05-30,2024-05-29,DELIVERED,40,8939.2,0
1027,42,13,5,2024-01-01,2024-01-07,2024-01-27,Deleyed,32,10148.16,20
1028,6,15,2,2024-06-01,2024-06-21,2024-06-29,Delivered,53,4310.49,8
1029,53,1,3,2022-10-05,2022-10-15,2022-10-13,Deliverd,76,365818.4,0
1030,36,31,1,2022-09-01,2022-09-06,2022-09-12,Delivered,89,12462.67,6
1031,45,18,5,2024-04-23,2024-05-06,2024-05-08,delivered,1,219.28,2
1032,26,47,1,2022-02-13,2022-03-09,2022-03-08,DELIVERED,23,5140.04,0
1033,20,44,3,2022-10-03,2022-10-07,2022-10-12,delivered,,216160.0,5
1034,28,49,1,2024-12-27,2025-01-04,2025-01-12,Deleyed,21,1783.11,8
1035,43,38,5,2024-12-01,2024-12-26,,Canceled,75,4557.0,
1036,49,26,2,2024-06-30,2024-07-11,2024-07-10,Delivered,38,7616.72,0
1037,51,36,1,2022-04-21,2022-05-01,,Canceled,62,21485.48,
1038,71,16,1,2022-09-16,2022-09-26,2022-09-28,Delivered,69,5528.97,2
1039,90,9,2,2023-01-01,2023-01-05,2023-01-25,Deleyed,29,7247.68,20
1040,100,49,,2023-10-22,2023-11-08,2023-11-09,Delivered,2,169.82,1
1041,25,6,1,2022-12-04,2022-12-31,,CANCELLED,89,24911.99,
1042,38,33,1,2022-02-22,2022-03-20,2022-04-03,Delivered,83,29803.64,14
1043,37,12,2,2024-09-03,2024-09-15,2024-09-22,DELAYED,98,47557.44,7
1044,34,1,1,2022-02-23,2022-02-27,,cancelled,85,409139.0,
1045,35,27,2,2022-11-04,2022-11-19,2022-11-27,DELAYED,20,520.6,8
1046,31,27,1,2024-02-08,2024-03-05,2024-03-03,Deliverd,27,,0
1047,68,26,1,2024-12-12,2024-12-20,2024-12-20,Delivered,33,6614.52,0
1048,49,34,2,2022-12-30,2023-01-19,2023-02-08,Delayed,25,6749.25,20
1049,83,34,2,2022-10-17,2022-11-11,2022-11-25,Deleyed,,19977.78,14
1050,40,14,4,2022-09-25,2022-10-09,,CANCELLED,14,6851.46,
1051,30,12,1,2024-03-09,2024-03-17,2024-03-27,delivered,52,25234.56,10
1052,74,19,3,2022-02-17,2022-03-13,2022-03-13,Delivered,66,25830.42,0
1053,90,30,2,2024-10-22,2024-11-10,2024-11-16,Delivered,79,39017.31,6
1054,76,34,2,2023-08-20,2023-08-30,2023-09-10,Deliverd,33,8909.01,11
1055,93,34,4,2022-07-04,2022-07-10,,Cancelled,60,16198.2,
1056,93,27,1,2023-02-10,2023-02-28,2023-02-28,Deliverd,5,130.15,0
1057,4,12,1,2024-08-03,,2024-08-27,Delayed,27,13102.56,5
1058,37,17,4,2024-12-08,2024-12-11,2024-12-19,Deliverd,94,44477.98,8
1059,10,9,3,2024-03-13,2024-03-27,,Cancelled,8,1999.36,
1060,76,22,4,2022-08-11,2022-08-31,2022-09-01,delivered,4,1831.52,1
1061,12,27,3,2024-11-01,,2024-11-08,DELIVERED,10,260.3,0
1062,56,26,4,2022-03-29,2022-04-27,2022-05-01,Delivered,55,11024.2,4
1063,51,24,2,2022-02-06,2022-02-10,2022-02-26,Delivered,50,23537.0,16
1064,66,4,3,2023-03-12,2023-03-18,2023-03-24,Delivered,56,24293.36,6
1065,39,8,1,2022-10-20,,2022-11-21,Deliverd,31,13434.47,10
1066,48,15,2,2024-12-18,2024-12-25,2024-12-31,Delayed,83,6750.39,6
1067,24,19,3,2022-04-08,2022-04-27,2022-05-03,Deliverd,74,28961.38,6
1068,71,25,5,2024-05-11,2024-06-07,,CANCELLED,100,33182.0,
1069,14,22,2,2024-01-20,2024-02-10,2024-02-22,DELAYED,73,33425.24,12
1070,52,50,2,2022-12-25,2023-01-03,2023-01-02,Delivered,56,18203.92,0
1071,4,49,4,2024-08-26,2024-09-02,2024-09-10,delayed,54,4585.14,8
1072,85,34,2,2024-11-30,2024-12-22,2024-12-24,DELIVERED,18,4859.46,2
1073,4,28,5,2022-08-30,2022-09-06,,Canceled,44,4532.44,
1074,10,25,5,2022-10-28,2022-11-13,2022-11-15,Deliverd,45,9422.55,2
1075,33,49,3,2022-10-26,2022-11-22,2022-12-02,Deliverd,16,1358.56,10
1076,4,41,3,2023-09-29,2023-10-29,,,6,692.52,
1077,11,13,5,2024-03-11,2024-03-26,2024-04-07,DELIVERED,10,,12
1078,36,40,1,2022-05-16,2022-05-31,,Cancelled,83,29408.56,
1079,83,38,2,2022-12-29,2023-01-28,,cancelled,57,,
1080,92,11,4,2024-10-11,2024-10-28,2024-11-11,Deleyed,8,574.88,14
1081,73,25,4,2022-10-08,2022-10-22,2022-10-20,DELIVERED,7,3438.19,0
1082,46,9,1,2023-06-23,2023-06-28,2023-06-29,DELIVERED,41,10246.72,1
1083,15,39,1,2022-06-12,2022-06-29,2022-06-28,DELIVERED,21,214.83,0
1084,34,19,5,2023-12-08,2023-12-23,2023-12-24,delivered,40,15654.8,1
1085,36,7,1,2024-03-21,2024-04-02,,CANCELLED,56,8568.56,
1086,10,11,,2024-08-21,2024-09-10,2024-09-27,Delivered,24,1724.64,17
1087,95,35,5,2023-01-09,2023-01-15,2023-01-16,Deliverd,44,9712.12,1
1088,41,35,2,2023-05-13,2023-05-19,,CANCELLED,,19424.24,
1089,67,16,4,2024-05-27,2024-06-11,2024-06-09,Delivered,,4166.76,0
1090,87,6,2,2022-06-22,2022-07-16,2022-07-16,DELIVERED,51,14275.41,0
1091,67,47,2,2023-06-27,2023-07-12,,Cancelled,10,2234.8,
1092,69,36,1,2024-07-24,2024-08-20,,CANCELLED,76,26337.04,
1093,85,39,1,2022-02-03,2022-02-11,2022-02-21,DELIVERED,89,32709.28,10
1094,9,36,5,2023-11-23,2023-12-23,,CANCELLED,81,28069.74,
1095,70,12,3,2022-03-15,2022-04-09,2022-04-16,delayed,31,15043.68,7
1096,81,5,5,2024-07-14,2024-07-25,2024-08-01,Deleyed,93,10205.82,7
1097,74,21,2,2024-06-12,2024-07-01,2024-07-10,Delayed,67,3629.39,9
1098,4,45,1,2022-01-02,2022-01-17,2022-01-22,Deliverd,35,14176.4,5
1099,33,24,3,2022-03-20,2022-03-23,2022-03-25,Deliverd,35,16475.9,2
1100,29,18,5,2023-08-26,2023-09-03,2023-09-11,Delivered,51,21259.35,8
1101,23,47,3,2023-11-03,2023-11-11,,Canceled,62,13855.76,
1102,14,15,1,2023-03-30,2023-04-29,2023-05-01,DELIVERED,65,5286.45,2
1103,42,2,3,2024-03-02,2024-04-01,,cancelled,79,17908.51,
1104,62,5,5,2022-09-03,2022-09-27,,Canceled,15,1646.1,
1105,42,20,4,2023-07-06,2023-08-03,2023-08-03,DELIVERED,12,3770.88,0
1106,55,7,5,2023-03-16,2023-04-14,2023-05-04,Delayed,31,4743.31,20
1107,16,25,4,2022-08-12,2022-08-24,2022-08-24,Delivered,79,21275.49,0
1108,52,50,5,2022-01-14,2022-01-25,2022-01-27,DELIVERED,45,14628.15,2
1109,69,49,4,2024-05-02,2024-05-06,2024-05-26,delivered,58,4924.78,20
1110,37,46,3,2023-07-27,2023-08-16,2023-08-23,Delivered,79,11996.94,7
1111,48,10,1,2023-11-12,2023-11-15,2023-11-15,delivered,40,11607.2,0
1112,62,21,1,2022-08-26,2022-09-23,2022-09-29,Deliverd,44,2383.48,6
1113,50,40,5,2023-09-14,2023-09-26,,CANCELLED,50,17716.0,
1114,20,42,3,2023-03-31,2023-04-16,2023-05-05,delayed,53,1822.14,19
1115,25,48,1,2022-05-23,2022-06-11,2022-06-19,delivered,18,4677.84,8
1116,54,34,1,2022-07-09,2022-07-13,2022-07-18,Deleyed,32,8639.04,5
1117,42,31,3,2024-04-07,2024-04-26,2024-04-28,DELIVERED,60,8401.8,2
1118,31,43,4,2022-03-08,2022-03-21,2022-03-31,delivered,71,10564.09,10
1119,94,29,2,2022-12-26,2022-12-31,2023-01-11,delayed,92,36397.04,11
1120,95,40,5,2022-12-20,2022-12-27,,Cancelled,28,9920.96,
1121,84,11,2,2022-06-04,2022-06-27,2022-06-29,delivered,42,3018.12,2
1122,38,11,2,2022-09-08,,2022-10-16,DELAYED,51,3664.86,20
1123,24,29,5,2024-10-17,2024-11-08,2024-11-09,delivered,1,395.62,1
1124,28,47,4,2024-08-17,2024-09-13,,cancelled,15,3352.2,
1125,93,26,3,2024-11-28,2024-12-08,2024-12-06,delivered,94,18841.36,0
1126,89,44,3,2024-09-28,2024-10-20,2024-11-08,DELAYED,27,104220.0,19
1127,50,18,1,2024-12-31,2025-01-15,2025-01-17,DELIVERED,39,4905.42,2
1128,20,2,1,2022-11-30,2022-12-09,,cancelled,100,22669.0,
1129,26,4,2,2023-07-22,2023-08-14,,CANCELLED,79,34270.99,
1130,15,47,2,2022-08-24,2022-08-31,2022-09-06,Deleyed,20,4469.6,6
1131,6,9,1,2022-08-24,2022-09-15,2022-09-16,Deliverd,24,5998.08,1
1132,94,40,2,2024-12-19,2025-01-15,2025-01-27,delayed,96,34014.72,12
1133,12,12,3,2023-01-02,2023-01-19,2023-01-20,Deliverd,13,6308.64,1
1134,76,25,3,2022-01-18,2022-02-08,2022-02-27,DELIVERED,17,312.63,19
1135,89,9,3,2022-01-03,2022-01-31,2022-02-12,Delivered,100,24992.0,12
1136,17,20,4,2023-01-26,,2023-02-13,Delivered,98,,2
1137,62,40,3,2024-09-13,2024-09-17,2024-09-25,Delayed,21,7440.72,8
1138,17,15,4,2022-06-24,2022-07-10,2022-07-15,Delayed,17,1382.61,5
1139,52,40,1,2022-01-16,2022-01-26,2022-01-24,Deliverd,47,16653.04,0
1140,23,19,3,2022-05-13,2022-05-27,2022-06-12,Delayed,55,21525.35,16
1141,4,3,1,2022-01-06,2022-01-12,2022-01-10,Deliverd,27,4633.2,0
1142,94,34,1,2022-07-04,2022-07-22,2022-07-20,delivered,13,3509.61,0
1143,14,27,1,2023-12-03,2023-12-28,2023-12-27,delivered,58,1509.74,0
1144,52,32,3,2023-08-13,2023-08-27,,,39,4202.25,
1145,72,32,,2024-12-17,2025-01-10,2025-01-11,delivered,4,440.96,1
1146,46,10,4,2024-06-19,2024-06-30,2024-07-17,delayed,11,,17
1147,81,20,1,2023-06-29,2023-07-14,2023-08-01,Delayed,43,13512.32,18
1148,71,35,2,2022-09-12,2022-09-23,2022-09-23,DELIVERED,99,21852.27,0
1149,39,3,5,2022-05-15,2022-05-28,2022-05-30,Deliverd,76,13041.6,2
1150,16,29,5,2024-10-06,2024-10-29,2024-11-05,DELIVERED,88,34814.56,7
1151,32,32,1,2022-11-01,2022-11-10,2022-11-24,DELAYED,62,17967.6,14
1152,73,19,5,2024-11-21,2024-12-15,,CANCELLED,75,29352.75,
1153,7,14,1,2023-06-25,2023-07-03,2023-07-12,delayed,60,29363.4,9
1154,90,24,2,2022-02-26,2022-03-21,2022-03-23,Deliverd,88,41425.12,2
1155,38,41,5,2024-06-29,2024-07-02,,Cancelled,76,8771.92,
1156,95,34,3,2023-09-15,2023-10-05,2023-10-03,Deliverd,66,17818.02,0
1157,86,21,4,2022-12-20,2022-12-24,2022-12-22,delivered,61,3304.37,0
1158,55,18,5,2022-07-07,2022-08-03,2022-08-21,Deliverd,22,6686.9,18
1159,34,46,2,2024-09-04,2024-09-28,2024-09-30,Deliverd,16,2429.76,2
1160,43,36,5,2023-05-24,2023-06-01,2023-06-15,Deleyed,29,10049.66,14
1161,50,40,3,2024-03-26,2024-04-03,2024-04-12,Deliverd,49,17361.68,9
1162,46,10,4,2022-05-13,2022-05-30,2022-05-30,Deliverd,21,,0
1163,65,35,4,2023-03-31,2023-04-11,,CANCELLED,90,19865.7,
1164,3,5,5,2024-12-15,2025-01-01,,cancelled,55,6035.7,
1165,53,14,2,2023-05-24,2023-06-07,,CANCELLED,92,45023.88,
1166,3,50,3,2022-03-31,2022-04-11,2022-04-09,DELIVERED,90,29256.3,0
1167,54,2,3,2022-07-19,2022-08-04,2022-08-08,Deliverd,73,16548.37,4
1168,94,35,,2024-11-22,2024-11-29,2024-12-01,delivered,70,15451.1,2
1169,49,26,2,2024-11-24,2024-12-24,2025-01-03,delivered,81,16235.64,10
1170,89,37,4,2024-06-20,2024-07-02,,cancelled,40,11408.8,
1171,62,44,1,2022-04-11,2022-04-17,2022-04-22,Deliverd,100,386000.0,5
1172,72,39,2,2024-08-29,2024-09-03,2024-09-09,DELAYED,69,26139.27,6
1173,77,21,3,2022-07-24,2022-08-12,,Cancelled,48,2600.16,
1174,7,17,5,2022-10-06,2022-10-18,,CANCELLED,23,10882.91,
1175,34,21,1,2024-06-09,2024-06-25,2024-07-13,DELAYED,56,3033.52,18
1176,40,37,1,2024-06-26,2024-07-09,,Canceled,58,,
1177,99,41,2,2022-09-25,2022-10-05,2022-10-06,Delivered,24,2770.08,1
1178,20,8,2,2023-12-12,2023-12-22,2023-12-23,Deliverd,23,9967.51,1
1179,50,40,,2024-08-28,2024-09-09,2024-09-18,DELAYED,9,3188.88,9
1180,69,1,,2024-10-27,2024-11-25,2024-11-27,Deliverd,98,471713.2,2
1181,58,1,4,2023-02-06,2023-03-08,2023-03-10,DELIVERED,35,168469.0,2
1182,95,17,5,2022-10-29,2022-11-24,2022-11-30,delivered,30,14195.1,6
1183,66,24,2,2024-12-26,2024-12-30,2025-01-15,delayed,34,16005.16,16
1184,37,42,3,2023-07-04,2023-07-08,2023-07-14,delivered,48,1650.24,6
1185,95,40,5,2022-10-14,2022-10-23,2022-11-03,Delivered,98,34723.36,11
1186,72,2,2,2023-02-27,2023-03-09,2023-03-16,Delivered,25,,7
1187,92,17,1,2022-05-05,,2022-06-07,delivered,43,20346.31,5
1188,82,3,1,2023-07-01,2023-07-23,2023-07-22,Deliverd,90,15444.0,0
1189,86,18,2,2022-05-18,2022-06-16,2022-07-02,Deleyed,33,4443.45,16
1190,14,46,,2024-01-11,2024-02-05,2024-02-07,DELIVERED,71,10782.06,2
1191,50,35,3,2024-07-23,2024-08-11,,CANCELLED,95,20969.35,
1192,33,18,1,2022-05-05,,2022-05-16,Delivered,58,19934.6,0
1193,76,42,5,2024-02-20,2024-03-16,2024-03-15,delivered,29,997.02,0
1194,67,14,5,2024-10-20,2024-10-23,2024-11-02,delayed,23,11255.97,10
1195,50,45,1,2022-01-31,2022-02-08,2022-02-06,Delivered,67,27137.68,0
1196,38,36,1,2024-09-11,2024-10-06,2024-10-14,Delayed,11,3811.94,8
1197,62,49,5,2023-08-16,2023-08-29,2023-09-06,delivered,7,594.37,8
1198,24,49,,2023-10-10,2023-11-08,2023-11-07,DELIVERED,52,4415.32,0
1199,55,43,4,2024-06-15,2024-07-14,2024-07-12,Deliverd,50,7439.5,0
1200,52,21,5,2022-07-04,2022-07-29,2022-08-12,DELIVERED,13,704.21,14
1201,71,28,2,2022-01-31,2022-02-14,,CANCELLED,54,5562.54,
1202,30,1,4,2022-11-23,2022-12-08,,Cancelled,68,327311.2,
1203,48,24,1,2024-09-20,2024-10-18,,cancelled,4,1882.96,
1204,12,9,2,2024-02-12,2024-02-15,,cancelled,3,749.76,
1205,48,49,1,2023-01-18,2023-02-02,2023-01-31,Deliverd,74,6283.34,0
1206,86,46,3,2022-08-30,2022-09-16,2022-10-05,Deleyed,12,1822.32,19
1207,23,28,2,2022-10-24,2022-11-04,2022-11-13,Deliverd,35,3605.35,9
1208,63,23,5,2023-06-26,2023-07-22,2023-07-21,Deliverd,88,13542.32,0
1209,9,47,1,2022-10-17,2022-10-24,2022-10-22,DELIVERED,7,1564.36,0
1210,79,11,5,2023-03-09,2023-04-07,2023-04-08,,72,5173.92,1
1211,10,9,1,2024-11-24,2024-12-02,2024-12-07,,54,13495.68,5
1212,85,30,2,2022-05-01,2022-05-06,2022-05-04,Delivered,14,6914.46,0
1213,5,13,2,2024-06-21,2024-06-25,,cancelled,,1902.78,
1214,42,36,3,2022-06-27,2022-07-16,,Canceled,92,31881.68,
1215,61,39,2,2023-03-13,2023-04-12,2023-04-28,Delayed,33,4841.76,16
1216,100,50,2,2022-10-17,2022-11-04,2022-11-08,Delivered,93,30231.51,4
1217,68,29,3,2024-04-05,2024-04-15,2024-04-15,DELIVERED,33,13055.46,0
1218,76,29,4,2024-04-10,2024-05-10,2024-05-13,DELIVERED,25,9890.5,3
1219,7,9,4,2023-09-14,2023-09-22,2023-09-28,Deliverd,70,17494.4,6
1220,24,14,2,2024-07-08,,2024-07-30,Delivered,73,35725.47,0
1221,14,43,1,2022-08-08,2022-08-12,2022-08-26,Delayed,77,11456.83,14
1222,38,10,1,2024-03-05,2024-03-11,,CANCELLED,43,12477.74,
1223,35,15,3,2022-02-18,2022-03-05,,Canceled,41,3334.53,
1224,54,1,1,2023-01-09,2023-01-26,2023-02-03,Delivered,21,101081.4,8
1225,80,29,3,2023-01-10,2023-01-24,,Cancelled,82,32440.84,
1226,76,46,3,2023-01-27,2023-02-26,2023-02-28,delivered,96,14578.56,2
1227,93,20,,2024-03-15,2024-03-27,,,99,31109.76,
1228,81,35,1,2023-03-16,2023-04-01,2023-04-01,delivered,39,8608.47,0
1229,6,22,5,2022-12-23,2023-01-12,2023-01-11,Delivered,19,8699.72,0
1230,50,5,1,2022-01-27,2022-02-19,2022-02-20,Delivered,70,7681.8,1
1231,75,19,5,2024-10-22,2024-11-02,2024-11-05,delivered,40,15654.8,3
1232,28,5,1,2022-11-18,2022-12-01,2022-11-30,delivered,64,7023.36,0
1233,85,41,1,2023-06-06,2023-06-14,,Canceled,24,2770.08,
1234,87,42,1,2022-07-15,2022-07-20,2022-07-28,Deliverd,54,1856.52,8
1235,79,15,4,2022-08-27,2022-09-01,2022-09-18,DELAYED,18,1463.94,17
1236,76,6,2,2024-07-12,2024-07-25,,cancelled,22,6158.02,
1237,33,23,3,2023-05-08,2023-05-24,2023-05-31,Delivered,67,6793.8,7
1238,56,12,1,2022-08-23,2022-08-28,2022-09-05,delivered,25,12132.0,8
1239,88,47,4,2022-09-12,2022-10-01,,Cancelled,1,223.48,
1240,76,6,5,2024-01-31,2024-02-13,,CANCELLED,94,26311.54,
1241,7,3,5,2022-07-12,2022-07-27,,Canceled,91,15615.6,
1242,75,39,4,2023-03-19,2023-03-24,,cancelled,20,5183.4,
1243,71,4,1,2022-07-16,2022-08-04,2022-08-05,delivered,23,9977.63,1
1244,94,42,3,2022-11-15,2022-11-19,2022-11-19,Delivered,28,962.64,0
1245,7,41,1,2023-02-06,2023-03-03,2023-03-04,delivered,27,3116.34,1
1246,6,46,3,2024-10-16,2024-10-30,2024-11-01,Delivered,25,3796.5,2
1247,59,15,5,2024-03-21,2024-03-30,2024-04-03,Delivered,57,4635.81,4
1248,49,31,1,2022-02-16,2022-03-11,2022-03-23,delivered,39,5461.17,12
1249,51,40,1,2022-03-01,2022-03-12,2022-03-19,delivered,50,,7
1250,97,26,4,2022-04-25,2022-05-09,2022-05-25,delayed,59,11825.96,16
1251,75,4,3,2024-11-14,2024-12-12,2024-12-28,DELAYED,39,16918.59,16
1252,2,27,5,2024-03-12,2024-03-21,2024-03-24,delivered,45,1171.35,3
1253,18,27,2,2022-10-03,2022-10-19,2022-10-18,DELIVERED,86,2238.58,0
1254,80,7,5,2024-11-17,2024-12-10,2024-12-11,delivered,95,14535.95,1
1255,59,47,2,2024-02-18,2024-02-29,2024-02-29,DELIVERED,37,8268.76,0
1256,47,6,1,2023-05-18,2023-05-29,2023-06-04,Deliverd,91,25471.81,6
1257,52,22,4,2024-08-14,2024-09-10,2024-09-23,DELAYED,59,27014.92,13
1258,51,31,5,2023-11-19,2023-11-28,2023-12-11,Deliverd,35,4901.05,13
1259,2,35,1,2023-07-29,2023-08-05,2023-08-05,DELIVERED,90,19865.7,0
1260,58,26,4,2024-03-28,2024-04-19,2024-04-19,,39,7817.16,0
1261,37,18,1,2023-05-06,2023-05-20,,cancelled,24,4765.2,
1262,58,46,2,2022-11-19,2022-12-05,2022-12-05,Deliverd,8,1214.88,0
1263,22,32,1,2022-02-07,2022-02-10,,cancelled,68,28067.68,
1264,34,33,4,2023-07-30,2023-08-12,2023-08-12,Deliverd,59,21185.72,0
1265,60,15,2,2022-12-02,2023-01-01,2023-01-08,Deliverd,57,4635.81,7
1266,9,29,,2022-01-07,2022-01-13,2022-01-23,DELIVERED,69,27297.78,10
1267,24,5,2,2022-02-21,2022-02-28,2022-03-10,delayed,,4389.6,10
1268,26,11,4,2022-09-10,2022-10-07,2022-10-11,DELIVERED,5,359.3,4
1269,17,16,4,2022-12-27,2023-01-22,2023-01-31,DELIVERED,45,3605.85,9
1270,78,13,5,2023-04-26,,2023-05-04,DELIVERED,67,21247.71,1
1271,45,6,4,2023-03-31,2023-04-28,2023-04-27,Delivered,65,18194.15,0
1272,21,49,1,2024-11-13,2024-11-21,2024-12-11,Delayed,65,5519.15,20
1273,72,36,2,2022-07-24,2022-08-07,,Cancelled,87,30148.98,
1274,57,13,4,2024-06-09,2024-07-04,2024-07-04,delivered,42,13319.46,0
1275,38,49,1,2022-11-09,2022-11-16,2022-11-20,delivered,78,6622.98,4
1276,48,22,5,2023-01-13,2023-01-21,2023-01-22,delivered,28,12820.64,1
1277,1,18,4,2023-05-17,2023-05-22,2023-05-22,DELIVERED,14,5817.84,0
1278,66,43,4,2022-01-28,2022-02-21,2022-02-22,delivered,8,1190.32,1
1279,73,21,3,2024-03-01,2024-03-06,2024-03-08,Delivered,33,1787.61,2
1280,35,22,,2022-05-28,2022-06-02,,Cancelled,55,25183.4,
1281,1,23,4,2023-10-20,,,Canceled,24,,
1282,74,5,3,2024-10-13,2024-10-19,2024-10-20,Deliverd,26,2853.24,1
1283,22,14,4,2022-03-16,2022-04-06,,Canceled,10,4893.9,
1284,74,22,4,2022-09-28,2022-10-15,2022-10-20,Deleyed,90,41209.2,5
1285,78,13,3,2023-03-02,2023-03-25,,cancelled,15,4756.95,
1286,46,38,1,2023-11-17,2023-11-25,2023-11-23,Deliverd,9,546.84,0
1287,60,27,2,2024-07-23,2024-08-20,2024-08-18,Deliverd,72,1874.16,0
1288,5,28,3,2024-07-10,2024-07-22,2024-07-21,Delivered,89,9167.89,0
1289,24,28,5,2024-08-21,2024-08-30,2024-08-31,Delivered,79,8137.79,1
1290,23,47,4,2024-02-18,2024-02-28,2024-02-28,delivered,2,446.96,0
1291,43,37,5,2023-04-26,2023-05-01,2023-05-13,DELIVERED,98,27951.56,12
1292,10,46,3,2023-11-08,2023-12-05,2023-12-13,Delivered,33,5011.38,8
1293,53,37,2,2023-05-12,2023-06-10,2023-06-11,delivered,35,9982.7,1
1294,74,47,4,2024-05-10,2024-05-17,,cancelled,28,6257.44,
1295,39,31,1,2024-07-01,2024-07-08,2024-07-14,delivered,42,5881.26,6
1296,5,50,2,2023-11-21,2023-12-09,,cancelled,17,5526.19,
1297,4,37,2,2022-05-12,2022-05-19,,cancelled,7,1996.54,
1298,51,46,5,2024-08-03,2024-08-16,2024-09-01,Deleyed,77,11693.22,16
1299,91,5,2,2022-06-11,2022-07-02,,cancelled,34,3731.16,
1300,27,24,5,2022-05-29,2022-06-08,,CANCELLED,7,3295.18,
1301,14,14,,2023-05-25,2023-06-03,2023-06-02,Deliverd,84,41108.76,0
1302,84,3,1,2024-03-22,2024-04-19,,Canceled,71,12183.6,
1303,34,5,3,2022-04-13,,2022-04-29,delivered,60,6584.4,9
1304,44,28,3,2024-01-21,2024-01-25,2024-01-27,delivered,51,5253.51,2
1305,27,7,5,2023-04-24,2023-04-27,2023-04-27,delivered,28,4284.28,0
1306,55,1,3,2022-09-09,2022-10-03,2022-10-22,DELAYED,57,274363.8,19
1307,95,12,1,2022-04-27,2022-05-05,2022-05-05,Deliverd,,14558.4,0
1308,3,48,5,2022-09-27,2022-10-01,2022-10-02,delivered,99,25728.12,1
1309,60,43,3,2024-02-04,2024-02-08,2024-02-26,Deleyed,70,10415.3,18
1310,47,4,3,2023-06-18,2023-07-04,2023-07-09,Deliverd,50,21690.5,5
1311,44,38,1,2023-11-27,2023-12-16,2023-12-16,DELIVERED,89,5407.64,0
1312,99,29,2,2022-10-29,2022-11-08,2022-11-20,Delayed,74,29275.88,12
1313,45,16,1,2024-12-23,2025-01-09,,Cancelled,90,7211.7,
1314,77,41,1,2024-07-19,2024-08-18,2024-08-29,DELIVERED,29,3347.18,11
1315,32,48,4,2022-08-13,2022-08-31,2022-08-30,delivered,33,8576.04,0
1316,25,42,5,2022-08-20,2022-09-04,2022-09-04,Delivered,49,1684.62,0
1317,66,34,5,2023-08-17,2023-08-29,2023-08-27,Delivered,,17278.08,0
1318,41,40,1,2024-02-06,2024-02-28,2024-03-15,Deleyed,99,35077.68,16
1319,24,15,4,2024-05-24,2024-06-16,2024-06-18,DELIVERED,35,2846.55,2
1320,78,23,4,2022-11-11,2022-11-14,2022-11-21,delayed,70,3571.4,7
1321,56,26,5,2024-04-20,2024-04-29,2024-04-29,delivered,30,6013.2,0
1322,80,43,3,2023-08-31,2023-09-24,2023-09-25,DELIVERED,34,5058.86,1
1323,23,42,1,2022-03-24,2022-03-28,2022-03-27,delivered,11,378.18,0
1324,52,35,4,2022-08-19,,2022-09-14,Delivered,64,14126.72,1
1325,65,12,4,2024-03-08,2024-03-20,2024-03-19,Deliverd,73,35425.44,0
1326,100,48,4,2024-03-05,2024-03-28,2024-04-11,delayed,40,10395.2,14
1327,24,5,,2022-10-16,2022-11-10,2022-11-19,Delayed,25,2743.5,9
1328,58,31,1,2022-08-19,2022-08-31,2022-09-08,DELAYED,79,11062.37,8
1329,55,15,1,2024-11-18,2024-12-13,2024-12-15,delivered,56,4554.48,2
1330,1,13,4,2023-02-07,2023-03-05,2023-03-04,delivered,13,4122.69,0
1331,22,27,2,2022-01-04,2022-01-18,,Cancelled,79,2056.37,
1332,72,15,2,2022-12-02,2022-12-31,2023-01-18,Deleyed,23,1870.59,18
1333,59,12,4,2024-09-17,2024-10-03,2024-10-01,DELIVERED,51,24749.28,0
1334,92,13,2,2023-01-24,2023-01-31,,Canceled,29,9196.77,
1335,64,26,1,2022-05-10,2022-05-29,2022-06-13,Deleyed,62,12427.28,15
1336,35,7,5,2022-12-09,2022-12-12,,Canceled,84,12852.84,
1337,32,35,5,2024-08-01,2024-08-20,2024-08-22,Deliverd,83,18320.59,2
1338,69,45,3,2022-11-05,2022-11-30,2022-12-17,DELAYED,52,21062.08,17
1339,21,38,5,2023-02-23,2023-03-07,,cancelled,73,,
1340,81,29,1,2024-06-29,2024-07-25,2024-08-16,Deliverd,35,13846.7,22
1341,71,32,4,2024-06-15,2024-07-06,,CANCELLED,3,856.77,
1342,15,33,5,2023-08-06,2023-08-21,2023-08-23,Deliverd,39,14004.12,2
1343,34,35,5,2024-12-28,,2025-01-17,delayed,4,882.92,14
1344,6,9,4,2022-01-21,2022-02-03,2022-02-01,,59,14745.28,0
1345,1,50,1,2023-06-02,2023-06-16,,Canceled,29,9427.03,
1346,77,16,5,2023-09-17,2023-10-11,,Cancelled,80,6410.4,
1347,28,4,1,2022-01-30,2022-02-06,2022-02-22,Deleyed,1,433.81,16
1348,34,7,3,2023-12-30,2024-01-22,2024-01-22,Deliverd,72,11016.72,0
1349,93,49,5,2023-08-26,2023-09-11,2023-09-17,Deleyed,62,5264.42,6
1350,33,18,2,2022-03-05,2022-03-11,2022-03-09,Delivered,38,6022.24,0
1351,49,20,2,2024-05-14,2024-06-03,2024-06-19,Delayed,5,1571.2,16
1352,2,8,2,2024-09-05,2024-09-12,2024-09-17,DELIVERED,,33802.86,5
1353,56,15,5,2024-09-10,2024-09-25,2024-09-25,delivered,77,6262.41,0
1354,77,11,1,2022-06-17,2022-06-24,2022-06-24,Deliverd,90,6467.4,0
1355,64,41,2,2022-05-20,2022-06-14,2022-06-26,delayed,60,6925.2,12
1356,18,44,2,2023-10-20,2023-11-09,2023-11-11,Deliverd,45,173700.0,2
1357,77,24,1,2022-06-22,2022-07-09,2022-07-07,DELIVERED,40,18829.6,0
1358,46,30,1,2023-03-16,2023-03-30,2023-04-01,Deliverd,16,7902.24,2
1359,16,15,1,2023-02-21,2023-02-25,2023-02-27,Delivered,25,2033.25,2
1360,46,36,2,2023-01-09,2023-01-25,2023-01-27,Deliverd,9,3118.86,2
1361,85,27,3,2023-01-12,2023-01-25,2023-01-23,delivered,42,1093.26,0
1362,25,23,1,2022-07-27,2022-08-15,,CANCELLED,55,19025.6,
1363,51,15,3,2022-11-29,2022-12-20,2022-12-27,DELAYED,27,2195.91,7
1364,4,37,5,2023-12-01,2023-12-05,,cancelled,75,21391.5,
1365,67,27,5,2023-04-25,2023-05-24,2023-05-22,DELIVERED,85,2212.55,0
1366,75,47,5,2024-11-24,2024-12-06,,cancelled,59,13185.32,
1367,15,34,2,2023-12-15,2024-01-11,,Canceled,95,25647.15,
1368,60,29,,2022-06-01,2022-06-30,2022-07-02,DELIVERED,11,4351.82,2
1369,67,49,4,2022-07-22,2022-08-19,2022-08-25,Delivered,21,1783.11,6
1370,69,49,3,2023-03-06,2023-03-25,,Canceled,56,4754.96,
1371,14,41,5,2022-06-13,2022-06-24,2022-06-22,DELIVERED,22,2539.24,0
1372,69,48,3,2024-05-16,2024-06-06,2024-06-06,Deliverd,,16892.2,0
1373,75,37,1,2023-10-15,2023-10-24,2023-10-24,delivered,31,8841.82,0
1374,68,4,5,2023-10-08,2023-10-22,2023-10-23,Delivered,89,38609.09,1
1375,90,5,4,2023-11-03,2023-11-07,2023-11-08,delivered,44,4828.56,1
1376,46,16,5,2022-06-11,2022-06-20,2022-06-22,Delivered,27,2163.51,2
1377,43,6,2,2024-05-31,2024-06-05,2024-06-13,delivered,84,23512.44,8
1378,79,26,2,2022-08-25,2022-08-31,2022-09-14,delayed,87,,14
1379,49,50,4,2022-11-21,2022-12-11,,Canceled,84,27305.88,
1380,90,7,1,2023-06-07,2023-06-18,2023-06-21,delivered,80,12240.8,3
1381,72,13,1,2023-09-06,2023-09-22,2023-09-22,,86,27273.18,0
1382,34,17,1,2024-05-14,2024-05-21,,Canceled,82,38799.94,
1383,1,41,5,2024-04-23,2024-05-14,2024-05-15,DELIVERED,89,10272.38,1
1384,18,48,5,2023-10-18,2023-11-14,2023-11-13,DELIVERED,,15332.92,0
1385,76,20,2,2022-09-03,2022-10-01,2022-10-02,Delivered,27,8484.48,1
1386,58,49,,2024-01-06,2024-01-25,2024-01-31,delivered,61,5179.51,6
1387,51,35,2,2022-08-19,2022-09-02,2022-09-03,delivered,17,3752.41,1
1388,18,29,,2022-12-15,2023-01-14,2023-01-18,,60,23737.2,4
1389,48,11,2,2023-07-12,2023-07-18,,Cancelled,35,2515.1,
1390,94,2,4,2022-07-22,2022-08-14,2022-08-14,Deliverd,76,17228.44,0
1391,2,12,2,2023-02-24,2023-03-04,2023-03-05,delivered,38,18440.64,1
1392,28,45,1,2022-04-16,,2022-04-22,Deliverd,49,19846.96,2
1393,18,27,4,2022-11-07,2022-12-04,2022-12-04,Deliverd,93,,0
1394,13,2,3,2024-08-10,2024-08-28,,Cancelled,8,1813.52,
1395,70,7,1,2022-07-03,2022-07-12,2022-07-14,Deliverd,27,4131.27,2
1396,15,48,3,2023-01-16,2023-01-22,2023-01-28,delivered,53,13773.64,6
1397,39,15,2,2022-01-13,2022-01-30,2022-01-31,delivered,98,7970.34,1
1398,86,10,1,2022-02-01,2022-02-08,2022-02-10,DELIVERED,94,27276.92,2
1399,24,14,1,2023-01-05,2023-01-20,,cancelled,87,42576.93,
1400,18,2,5,2022-06-11,2022-07-04,2022-07-18,DELAYED,87,19722.03,14
1401,22,38,5,2022-09-27,2022-10-03,2022-10-01,Deliverd,12,729.12,0
1402,17,44,5,2024-04-27,2024-05-08,2024-05-26,Delayed,54,208440.0,18
1403,15,6,5,2024-07-23,2024-08-03,2024-08-02,delivered,73,20433.43,0
1404,70,15,3,2024-12-19,2025-01-17,2025-01-16,Deliverd,36,2927.88,0
1405,56,21,4,2023-04-04,2023-04-25,,Cancelled,36,1950.12,
1406,28,14,,2024-10-03,,2024-11-08,Deliverd,98,47960.22,12
1407,74,34,1,2024-04-05,2024-04-22,2024-04-24,Delivered,67,18087.99,2
1408,26,44,2,2022-02-17,2022-03-10,2022-03-09,Deliverd,64,247040.0,0
1409,62,36,1,2023-11-21,2023-12-03,,Cancelled,55,19059.7,
1410,13,29,2,2024-11-20,2024-12-01,2024-11-29,Delivered,11,4351.82,0
1411,40,49,2,2023-06-15,,,cancelled,74,6283.34,
1412,74,21,4,2023-02-21,2023-03-06,2023-03-07,DELIVERED,49,2654.33,1
1413,70,46,2,2022-04-20,2022-04-26,2022-04-26,delivered,99,15034.14,0
1414,65,34,1,2023-08-15,2023-08-18,2023-08-25,DELIVERED,45,12148.65,7
1415,2,30,3,2024-01-05,2024-01-28,2024-01-27,Delivered,3,1481.67,0
1416,9,44,1,2023-11-11,2023-11-17,,cancelled,,208440.0,
1417,55,4,2,2024-03-25,2024-03-31,2024-04-02,delivered,34,14749.54,2
1418,12,5,4,2022-03-02,2022-03-07,2022-03-06,DELIVERED,45,,0
1419,40,47,4,2024-05-29,2024-06-14,2024-06-14,Deliverd,6,1340.88,0
1420,64,1,2,2024-02-24,2024-03-24,2024-03-22,delivered,47,226229.8,0
1421,22,27,4,2023-06-16,2023-06-26,2023-06-27,Delivered,69,1796.07,1
1422,91,26,5,2023-01-11,2023-01-26,2023-01-31,Deleyed,54,10823.76,5
1423,35,29,5,2022-06-06,2022-06-28,2022-07-16,Deleyed,66,26110.92,18
1424,62,33,3,2023-03-02,2023-03-16,2023-03-14,delivered,73,26212.84,0
1425,12,8,2,2023-09-22,2023-09-26,2023-10-06,DELIVERED,20,8667.4,10
1426,99,42,3,2023-06-10,2023-07-01,2023-07-02,Deliverd,12,412.56,1
1427,87,15,3,2022-10-28,2022-11-14,2022-11-15,delivered,44,3578.52,1
1428,6,23,1,2024-05-09,2024-05-29,2024-06-09,DELIVERED,13,5331.43,11
1429,68,40,3,2023-01-17,2023-01-27,2023-01-28,delivered,96,34014.72,1
1430,14,45,1,2024-10-31,2024-11-15,2024-11-20,Delivered,26,,5
1431,89,7,2,2022-01-28,2022-02-06,2022-02-11,Deliverd,97,14841.97,5
1432,79,44,3,2022-08-03,2022-08-26,2022-09-04,DELAYED,92,355120.0,9
1433,81,24,3,2024-08-13,2024-09-11,,CANCELLED,2,941.48,
1434,57,34,5,2022-09-02,,2022-09-15,delayed,87,23487.39,10
1435,66,36,1,2023-04-10,2023-04-27,2023-05-09,delivered,89,30842.06,12
1436,63,35,1,2024-02-26,2024-03-08,2024-03-28,Deleyed,26,5738.98,20
1437,5,30,,2022-01-15,2022-01-23,2022-01-25,DELIVERED,65,32102.85,2
1438,78,3,5,2024-03-20,2024-03-28,2024-04-09,DELIVERED,50,8580.0,12
1439,89,28,1,2022-02-10,2022-02-25,2022-03-13,DELAYED,80,8240.8,16
1440,2,25,2,2022-07-03,2022-07-16,2022-07-22,DELIVERED,10,121.6,6
1441,37,37,2,2022-08-19,2022-09-10,,Cancelled,,5133.96,
1442,48,10,1,2024-05-20,2024-06-11,2024-06-15,DELIVERED,13,3772.34,4
1443,12,20,2,2023-08-19,2023-09-03,2023-09-05,Delivered,71,22311.04,2
1444,32,21,1,2023-06-16,2023-07-13,2023-07-15,Delivered,61,3304.37,2
1445,47,32,5,2024-10-06,2024-10-19,2024-10-21,Delivered,65,3786.25,2
1446,56,19,2,2023-04-11,2023-05-07,2023-05-12,DELAYED,38,14872.06,5
1447,65,14,4,2022-10-17,2022-10-21,2022-10-19,DELIVERED,8,3915.12,0
1448,3,15,3,2023-04-16,2023-05-04,2023-05-05,DELIVERED,68,5530.44,1
1449,73,4,4,2023-10-27,2023-11-21,2023-12-01,Deleyed,21,9110.01,10
1450,58,20,5,2024-07-12,2024-07-20,,Cancelled,6,1885.44,
1451,52,47,2,2022-10-22,2022-11-09,2022-11-20,DELIVERED,71,15867.08,11
1452,4,43,4,2024-10-29,2024-11-27,2024-12-03,Deleyed,89,13242.31,6
1453,68,2,3,2023-11-17,2023-12-14,2023-12-15,delivered,88,19948.72,1
1454,41,50,3,2023-11-02,2023-11-24,2023-12-12,DELAYED,2,650.14,18
1455,4,38,1,2024-08-06,2024-08-24,2024-08-23,DELIVERED,91,5529.16,0
1456,23,46,1,2024-04-04,2024-04-30,2024-04-29,Delivered,23,3492.78,0
1457,14,8,5,2024-01-30,2024-02-22,2024-03-11,DELAYED,63,27302.31,18
1458,30,37,4,2023-08-15,2023-08-26,,Cancelled,71,,
1459,35,1,5,2023-01-02,2023-01-10,2023-01-31,Deliverd,13,62574.2,21
1460,25,6,2,2022-05-27,2022-06-13,2022-06-18,DELAYED,52,14555.32,5
1461,15,18,3,2023-02-11,2023-02-20,2023-02-21,DELIVERED,49,14357.49,1
1462,21,17,3,2022-01-11,2022-01-31,2022-02-12,DELIVERED,8,3785.36,12
1463,12,12,4,2023-04-06,2023-04-13,2023-04-23,Deleyed,70,33969.6,10
1464,22,42,4,2024-05-29,2024-06-02,2024-06-11,DELIVERED,43,1478.34,9
1465,39,35,5,2024-02-05,2024-02-08,2024-02-13,Deleyed,56,12360.88,5
1466,99,39,2,2022-02-14,2022-02-22,2022-02-20,DELIVERED,6,,0
1467,23,38,1,2023-06-15,2023-07-05,,Canceled,29,1762.04,
1468,80,4,3,2023-05-17,2023-05-31,2023-05-31,DELIVERED,15,6507.15,0
1469,97,40,2,2022-03-10,2022-03-20,2022-04-03,delayed,25,8858.0,14
1470,69,48,5,2024-05-23,2024-05-30,2024-06-03,delivered,95,24688.6,4
1471,43,29,1,2022-07-05,2022-07-13,,Canceled,100,39562.0,
1472,21,24,5,2024-10-13,,2024-10-29,delivered,36,16946.64,1
1473,58,12,2,2023-02-21,2023-03-10,2023-03-18,Deliverd,51,24749.28,8
1474,14,17,4,2024-05-17,2024-06-16,2024-06-15,Delivered,50,23658.5,0
1475,35,21,3,2023-04-14,2023-04-17,2023-04-16,Delivered,18,975.06,0
1476,14,38,1,2023-12-28,2023-12-31,2023-12-30,Delivered,82,4982.32,0
1477,33,45,3,2024-08-02,2024-08-25,2024-08-27,Delivered,95,38478.8,2
1478,95,38,1,2023-10-21,,,CANCELLED,24,1458.24,
1479,13,28,5,2023-02-11,2023-02-20,2023-03-04,Delivered,46,4738.46,12
1480,25,23,5,2023-08-17,2023-09-02,2023-09-04,DELIVERED,95,25495.15,2
1481,85,31,4,2024-04-08,2024-05-06,2024-05-08,DELIVERED,17,2380.51,2
1482,23,36,2,2023-10-16,2023-11-11,2023-11-13,Delivered,21,7277.34,2
1483,33,38,2,2024-04-10,2024-04-18,2024-04-20,Delivered,98,5954.48,2
1484,90,1,1,2023-07-15,2023-07-20,2023-07-19,Deliverd,78,,0
1485,62,12,2,2023-12-03,2024-01-01,2024-01-15,Delivered,9,4367.52,14
1486,21,12,5,2022-06-22,2022-07-13,2022-07-12,Delivered,18,8735.04,0
1487,42,43,4,2022-04-06,2022-04-22,2022-05-07,Deliverd,5,743.95,15
1488,42,1,1,2022-09-23,2022-10-08,2022-10-10,DELIVERED,74,356191.6,2
1489,83,8,4,2022-10-28,2022-11-27,2022-11-30,DELIVERED,2,866.74,3
1490,59,48,1,2023-02-14,2023-03-11,2023-03-11,Deliverd,26,6756.88,0
1491,36,40,2,2022-03-06,2022-03-22,2022-03-29,Deliverd,6,2125.92,7
1492,23,37,5,2024-06-22,2024-06-25,2024-07-06,delivered,25,7130.5,11
1493,43,18,2,2023-07-02,2023-07-07,2023-07-17,Deleyed,45,9896.4,10
1494,72,25,2,2022-01-23,2022-01-31,2022-02-14,Deliverd,98,7549.92,14
1495,44,15,3,2023-06-30,2023-07-05,2023-07-23,DELIVERED,65,5286.45,18
1496,75,2,5,2023-10-20,2023-11-16,,Cancelled,5,1133.45,
1497,28,17,5,2024-04-20,2024-05-16,2024-05-17,Deliverd,36,17034.12,1
1498,52,49,4,2023-12-21,2024-01-06,2024-01-13,Delivered,30,2547.3,7
1499,8,37,5,2024-11-29,2024-12-13,,Canceled,5,1426.1,
1500,47,19,1,2023-09-23,2023-10-06,2023-10-15,Delivered,31,12132.47,9
1501,62,2,2,2024-06-28,2024-07-09,2024-07-21,Delayed,51,11561.19,12
1502,83,31,4,2022-09-04,2022-09-24,2022-09-23,Delivered,74,10362.22,0
1503,74,25,1,2024-06-01,2024-06-14,2024-06-14,delivered,61,23070.2,0
1504,82,48,1,2024-10-28,,2024-12-11,DELAYED,41,10655.08,17
1505,88,35,1,2024-07-21,,2024-08-03,Deliverd,52,11477.96,9
1506,23,38,2,2024-04-03,2024-04-30,2024-04-28,Delivered,75,4557.0,0
1507,60,50,2,2022-11-24,2022-12-12,2022-12-13,Delivered,30,9752.1,1
1508,92,2,2,2023-06-22,2023-06-30,2023-07-14,delayed,27,6120.63,14
1509,46,8,1,2023-11-01,2023-11-13,,CANCELLED,37,16034.69,
1510,78,24,1,2022-05-11,2022-06-02,2022-06-07,DELIVERED,34,16005.16,5
1511,15,47,4,2023-07-24,2023-08-17,2023-08-18,Delivered,69,15420.12,1
1512,84,7,1,2023-03-31,2023-04-24,2023-04-26,delivered,49,7497.49,2
1513,77,31,1,2022-01-04,2022-01-13,2022-01-19,DELAYED,7,980.21,6
1514,9,34,1,2024-11-16,2024-12-09,,Canceled,82,22137.54,
1515,67,30,1,2023-08-30,2023-09-28,2023-09-29,DELIVERED,19,9383.91,1
1516,93,44,5,2023-07-19,2023-07-24,2023-07-22,Delivered,15,57900.0,0
1517,8,8,5,2022-02-01,2022-02-21,2022-02-19,Deliverd,59,25568.83,0
1518,88,22,3,2023-07-06,2023-07-15,2023-07-19,Delivered,,30677.96,4
1519,20,39,4,2022-10-20,2022-11-01,2022-11-05,,3,890.79,4
1520,38,9,1,2024-07-13,2024-07-28,2024-07-29,DELIVERED,97,24242.24,1
1521,57,45,1,2024-05-20,2024-05-31,,cancelled,69,27947.76,
1522,46,10,5,2023-07-12,2023-08-10,,CANCELLED,16,4642.88,
1523,52,3,4,2024-03-30,2024-04-15,2024-04-22,Deliverd,49,8408.4,7
1524,33,48,2,2023-09-28,2023-10-19,2023-10-29,delayed,7,1819.16,10
1525,75,30,1,2022-01-23,2022-02-07,2022-02-24,DELAYED,73,36053.97,17
1526,42,16,5,2022-11-13,2022-12-04,,CANCELLED,28,2243.64,
1527,33,8,3,2023-01-19,2023-02-02,2023-02-07,DELAYED,32,13867.84,5
1528,11,49,2,2023-02-14,2023-03-08,,Cancelled,77,6538.07,
1529,96,40,2,2022-04-12,2022-05-05,2022-05-22,DELAYED,93,32951.76,17
1530,16,14,,2023-08-06,2023-09-01,,CANCELLED,39,19086.21,
1531,39,43,3,2024-08-20,2024-08-27,2024-08-29,delivered,,7439.5,2
1532,30,15,2,2022-11-06,2022-11-10,,CANCELLED,44,3578.52,
1533,100,9,4,2023-06-19,2023-07-09,,Cancelled,73,18244.16,
1534,53,29,1,2022-09-27,2022-09-30,2022-09-30,Deliverd,79,31253.98,0
1535,21,8,3,2023-08-18,2023-09-17,2023-09-17,delivered,91,39436.67,0
1536,45,5,2,2022-07-18,2022-07-21,2022-07-22,delivered,64,7023.36,1
1537,39,3,4,2022-05-26,2022-06-16,2022-06-15,DELIVERED,25,4290.0,0
1538,100,27,5,2022-01-01,2022-01-28,2022-01-26,Delivered,17,442.51,0
1539,12,50,5,2022-05-27,2022-06-24,2022-06-30,delayed,46,14953.22,6
1540,66,36,,2023-12-22,2024-01-06,2024-01-24,Delivered,46,15940.84,18
1541,86,16,3,2024-07-14,2024-07-25,2024-08-03,Deliverd,,6250.14,9
1542,3,35,1,2023-05-19,2023-06-17,2023-06-22,delivered,36,,5
1543,94,50,2,2023-03-05,2023-03-26,2023-04-12,Deleyed,95,30881.65,17
1544,21,26,2,2022-02-13,2022-03-09,2022-03-14,Deleyed,42,8418.48,5
1545,78,4,2,2023-02-22,2023-03-20,2023-03-21,Delivered,25,10845.25,1
1546,22,3,4,2024-06-03,2024-06-21,2024-06-23,Delivered,77,13213.2,2
1547,69,25,4,2023-08-01,2023-08-31,2023-08-30,Delivered,13,743.08,0
1548,59,3,4,2022-09-02,2022-09-08,,Canceled,38,6520.8,
1549,93,19,3,2024-08-21,2024-09-14,2024-09-14,delivered,62,24264.94,0
1550,94,37,5,2022-05-11,2022-05-23,2022-05-30,Deleyed,44,12549.68,7
1551,2,24,1,2024-04-14,2024-04-22,2024-04-24,,30,14122.2,2
1552,51,22,1,2024-07-07,2024-07-10,2024-07-26,delivered,,3205.16,16
1553,76,40,1,2024-12-23,2025-01-15,2025-01-21,Delivered,70,24802.4,6
1554,21,17,5,2023-05-01,2023-05-24,2023-05-23,Deliverd,44,20819.48,0
1555,92,4,1,2024-01-21,2024-01-31,2024-01-30,Deliverd,80,34704.8,0
1556,37,3,2,2023-08-28,2023-09-21,2023-09-21,DELIVERED,41,7035.6,0
1557,16,41,1,2022-07-05,2022-07-11,,cancelled,72,8310.24,
1558,16,39,2,2023-08-03,2023-08-30,2023-08-31,DELIVERED,88,16877.52,1
1559,4,35,3,2024-04-16,2024-04-22,2024-05-01,delayed,55,12140.15,9
1560,10,24,5,2022-09-26,2022-10-05,2022-10-09,Delivered,4,1882.96,4
1561,45,28,3,2022-07-04,2022-07-20,2022-07-28,DELAYED,7,721.07,8
1562,34,46,1,2023-05-18,2023-06-08,2023-06-10,Delivered,49,7441.14,2
1563,98,48,5,2024-08-15,2024-09-05,2024-09-06,Deliverd,11,2858.68,1
1564,42,16,5,2024-04-08,2024-04-29,2024-04-30,Deliverd,25,2003.25,1
1565,32,35,1,2024-08-17,2024-08-21,2024-09-07,Delivered,34,7504.82,17
1566,18,14,4,2024-06-04,2024-06-22,2024-06-21,Deliverd,88,43066.32,0
1567,84,40,4,2022-10-01,2022-10-14,2022-10-23,Deliverd,76,26928.32,9
1568,6,42,3,2023-04-04,2023-04-30,,Cancelled,19,653.22,
1569,23,15,2,2022-05-14,2022-05-30,,Canceled,98,7970.34,
1570,43,44,1,2024-12-11,2024-12-18,,cancelled,62,239320.0,
1571,78,37,4,2024-03-07,2024-03-11,2024-03-26,delayed,,25384.58,15
1572,58,9,2,2023-08-06,2023-08-16,2023-08-22,Delivered,64,15994.88,6
1573,1,2,4,2022-03-11,2022-03-26,2022-04-09,delayed,57,12921.33,14
1574,37,9,3,2022-12-14,2023-01-05,,CANCELLED,81,20243.52,
1575,55,33,3,2024-10-12,2024-10-23,2024-11-01,Delivered,22,7899.76,9
1576,82,43,5,2022-03-23,2022-04-02,2022-04-13,Deleyed,46,6844.34,11
1577,83,18,4,2022-05-26,2022-06-07,,Canceled,41,12363.96,
1578,77,46,5,2024-09-19,2024-10-15,,CANCELLED,36,5466.96,
1579,38,50,4,2023-10-05,2023-10-08,2023-10-07,delivered,56,18203.92,0
1580,43,43,1,2022-09-25,2022-10-01,2022-10-12,DELIVERED,,2083.06,11
1581,76,9,2,2023-01-09,2023-02-02,2023-02-20,DELAYED,25,6248.0,18
1582,9,45,5,2022-11-27,2022-12-10,2022-12-29,delayed,63,25517.52,19
1583,50,34,4,2024-09-16,2024-09-20,2024-09-22,delivered,7,1889.79,2
1584,87,2,4,2024-03-31,2024-04-12,2024-04-25,Deleyed,97,21988.93,13
1585,57,1,2,2023-01-30,2023-02-23,,Cancelled,80,385072.0,
1586,46,27,1,2022-10-16,2022-11-01,2022-10-31,Deliverd,42,1093.26,0
1587,33,7,3,2024-12-06,2024-12-21,2024-12-21,Delivered,23,3519.23,0
1588,8,19,2,2024-04-29,2024-05-27,,cancelled,88,34440.56,
1589,1,31,5,2023-06-10,2023-07-10,2023-07-12,delivered,38,5321.14,2
1590,6,21,2,2024-05-22,2024-05-25,,Canceled,61,3304.37,
1591,43,3,2,2023-07-03,2023-07-10,2023-07-11,delivered,89,15272.4,1
1592,78,41,4,2022-05-22,2022-05-31,2022-06-08,Deliverd,9,1038.78,8
1593,41,1,5,2023-07-05,2023-07-11,2023-07-13,DELIVERED,39,187722.6,2
1594,3,17,5,2023-09-05,2023-09-24,2023-09-25,Delivered,87,,1
1595,98,23,1,2023-05-29,2023-06-09,2023-06-11,Delivered,68,20687.64,2
1596,61,43,4,2023-04-11,2023-04-17,,cancelled,59,8778.61,
1597,88,48,4,2023-09-25,2023-09-30,,Cancelled,35,9095.8,
1598,36,45,4,2023-10-18,2023-11-15,,Canceled,66,26732.64,
1599,54,11,3,2024-05-29,2024-06-01,2024-06-12,delivered,59,4239.74,11
1600,83,14,5,2022-01-06,2022-01-21,2022-01-31,Delayed,85,41598.15,10
1601,100,10,5,2022-07-04,2022-07-21,,cancelled,38,11026.84,
1602,16,42,2,2022-02-17,2022-03-05,2022-03-06,Delivered,61,2097.18,1
1603,81,46,3,2022-04-26,2022-04-30,2022-05-15,DELAYED,70,10630.2,15
1604,26,21,4,2023-06-16,2023-06-21,2023-07-09,Delayed,41,2220.97,18
1605,78,21,1,2022-05-16,2022-05-30,,cancelled,64,3466.88,
1606,66,17,5,2024-03-10,2024-03-18,2024-03-29,Delayed,71,33595.07,11
1607,86,8,2,2024-03-27,2024-04-01,2024-04-02,DELIVERED,81,35102.97,1
1608,50,34,5,2022-07-24,2022-07-31,,Cancelled,83,22407.51,
1609,7,3,5,2024-09-27,2024-09-30,2024-10-17,Deleyed,16,2745.6,17
1610,32,39,3,2023-04-19,2023-04-29,2023-05-15,Deliverd,59,27225.55,16
1611,2,45,3,2024-11-28,2024-12-26,2025-01-06,Delivered,58,23492.32,11
1612,46,44,4,2023-03-23,2023-03-29,2023-03-27,Deliverd,5,19300.0,0
1613,14,35,5,2024-11-23,2024-12-04,2024-12-04,DELIVERED,27,5959.71,0
1614,57,26,2,2022-07-29,2022-08-25,2022-08-27,Deliverd,69,13830.36,2
1615,7,29,5,2022-03-18,2022-04-08,2022-04-27,DELAYED,69,27297.78,19
1616,30,2,3,2024-11-15,2024-11-27,2024-11-28,Deliverd,98,22215.62,1
1617,98,31,3,2023-03-23,2023-03-30,,Cancelled,28,3920.84,
1618,100,26,5,2022-11-25,2022-12-17,2022-12-18,delivered,72,14431.68,1
1619,49,20,2,2023-09-16,2023-10-09,2023-10-16,Delivered,12,3770.88,7
1620,39,30,1,2023-05-22,2023-06-12,2023-06-29,Deleyed,27,13335.03,17
1621,84,35,3,2023-12-09,2024-01-04,,cancelled,37,8167.01,
1622,22,1,3,2024-05-19,2024-05-24,2024-05-29,Deleyed,21,101081.4,5
1623,91,25,4,2023-08-11,2023-08-17,2023-08-22,delivered,90,40121.1,5
1624,20,50,2,2022-09-21,2022-10-12,2022-10-12,DELIVERED,4,1300.28,0
1625,16,29,4,2024-02-27,2024-03-23,2024-03-22,Deliverd,59,,0
1626,18,12,3,2023-10-04,2023-10-30,2023-11-11,delayed,5,2426.4,12
1627,46,27,2,2022-03-23,,2022-04-07,Deliverd,63,1639.89,10
1628,79,19,3,2023-09-16,2023-09-27,2023-10-05,DELAYED,4,1565.48,8
1629,32,36,1,2024-01-09,2024-01-25,2024-01-26,delivered,50,17327.0,1
1630,49,44,4,2024-02-21,2024-03-14,2024-03-13,Delivered,57,220020.0,0
1631,27,47,1,2023-10-25,2023-10-28,2023-11-03,DELIVERED,93,20783.64,6
1632,61,1,5,2024-03-28,2024-04-15,2024-04-17,Delivered,39,187722.6,2
1633,46,13,5,2022-06-21,2022-07-05,2022-07-19,Deleyed,20,6342.6,14
1634,37,38,1,2023-03-14,2023-03-19,2023-03-27,Deliverd,42,2551.92,8
1635,11,31,5,2024-12-18,2025-01-15,2025-01-13,DELIVERED,32,4480.96,0
1636,71,1,1,2024-09-12,2024-10-02,2024-10-12,Delayed,63,303244.2,10
1637,84,42,4,2024-05-16,2024-05-28,2024-05-29,Deliverd,71,2440.98,1
1638,24,3,4,2022-05-28,2022-06-11,2022-06-10,Deliverd,7,1201.2,0
1639,13,48,3,2023-11-18,2023-12-13,2023-12-15,Deliverd,13,3378.44,2
1640,13,10,5,2023-06-09,2023-06-22,,Canceled,3,870.54,
1641,24,38,2,2022-10-05,2022-11-04,2022-11-02,Deliverd,,1032.92,0
1642,29,20,5,2022-04-05,2022-05-05,2022-05-04,delivered,27,8484.48,0
1643,37,27,3,2022-08-28,2022-09-25,2022-09-27,delivered,87,2264.61,2
1644,35,28,4,2024-06-25,2024-07-11,2024-07-13,DELIVERED,25,2575.25,2
1645,61,12,3,2024-08-27,2024-09-19,2024-09-21,Delivered,80,38822.4,2
1646,21,49,4,2024-04-07,2024-04-21,2024-04-19,Delivered,50,4245.5,0
1647,57,11,3,2023-06-30,2023-07-18,2023-07-19,Deliverd,37,2658.82,1
1648,82,9,4,2023-03-03,2023-03-23,,cancelled,98,24492.16,
1649,44,20,2,2024-03-06,2024-03-24,,CANCELLED,14,4399.36,
1650,28,21,2,2023-02-07,2023-03-05,,cancelled,35,1895.95,
1651,76,37,3,2022-02-23,2022-03-11,2022-03-13,Delivered,61,17398.42,2
1652,32,6,,2024-10-21,2024-10-26,2024-10-28,Deliverd,4,1119.64,2
1653,72,46,5,2022-01-09,2022-01-15,2022-01-16,DELIVERED,3,455.58,1
1654,83,12,4,2023-08-08,2023-08-23,2023-08-23,delivered,42,20381.76,0
1655,39,38,,2024-04-10,2024-04-19,2024-04-20,DELIVERED,81,4921.56,1
1656,12,37,3,2022-08-13,2022-08-21,2022-09-07,Delayed,59,16827.98,17
1657,50,3,1,2023-11-05,2023-11-15,,Cancelled,14,2402.4,
1658,11,49,1,2023-07-12,2023-08-07,,cancelled,97,8236.27,
1659,73,19,1,2024-09-14,2024-10-08,2024-10-26,Delivered,6,2348.22,18
1660,2,7,1,2024-10-07,2024-10-29,2024-10-29,Delivered,52,7956.52,0
1661,5,26,1,2022-11-27,2022-12-01,2022-12-02,Delivered,70,14030.8,1
1662,34,20,3,2023-02-15,2023-02-26,,Canceled,71,22311.04,
1663,8,35,2,2024-09-06,2024-09-27,2024-09-29,Delivered,49,10815.77,2
1664,39,2,3,2022-08-26,2022-09-04,2022-09-12,Delivered,18,4080.42,8
1665,63,21,3,2022-06-30,2022-07-12,2022-07-14,delivered,18,975.06,2
1666,11,16,1,2024-10-02,2024-10-17,2024-11-05,DELIVERED,71,5689.23,19
1667,83,11,3,2022-09-08,2022-10-06,,Cancelled,32,2299.52,
1668,71,5,4,2023-03-23,2023-04-05,2023-04-06,delivered,53,5816.22,1
1669,91,47,4,2023-10-01,2023-10-06,2023-10-06,DELIVERED,9,2011.32,0
1670,14,2,1,2024-03-10,2024-04-01,2024-04-03,DELIVERED,48,10881.12,2
1671,82,12,2,2024-04-03,2024-04-12,2024-04-14,Deliverd,58,28146.24,2
1672,11,43,1,2024-01-22,2024-01-25,2024-01-23,DELIVERED,6,892.74,0
1673,66,3,3,2024-02-14,2024-03-04,2024-03-14,,90,15444.0,10
1674,98,44,1,2024-04-17,2024-05-07,,,35,135100.0,
1675,19,10,2,2022-08-16,2022-08-22,2022-08-27,,71,20602.78,5
1676,1,20,5,2022-11-15,,2022-12-06,DELIVERED,5,1571.2,2
1677,100,13,3,2022-07-28,2022-08-22,2022-08-24,delivered,41,13002.33,2
1678,86,41,1,2022-01-16,2022-02-13,2022-02-27,Delayed,90,10387.8,14
1679,92,40,1,2022-09-19,2022-10-09,2022-10-17,Delivered,37,13109.84,8
1680,59,36,4,2024-11-11,2024-12-08,2024-12-18,delivered,53,18366.62,10
1681,4,32,3,2023-04-03,2023-04-06,2023-04-18,Delayed,72,23386.32,12
1682,43,1,5,2024-06-29,2024-07-10,2024-07-21,Deliverd,41,197349.4,11
1683,82,28,5,2022-02-12,2022-03-04,2022-03-02,delivered,73,7519.73,0
1684,97,15,2,2024-02-12,2024-02-17,2024-02-18,Delivered,58,4717.14,1
1685,8,38,3,2022-07-10,2022-07-20,2022-07-27,Delayed,71,4313.96,7
1686,39,19,4,2022-11-26,2022-12-19,,Canceled,35,,
1687,66,14,,2023-08-01,,2023-08-24,Delivered,39,19086.21,0
1688,44,21,1,2023-11-09,2023-11-22,2023-12-13,Delivered,69,3737.73,21
1689,28,16,1,2024-02-15,2024-02-18,2024-02-18,DELIVERED,98,7852.74,0
1690,3,25,5,2023-04-01,2023-05-01,2023-05-03,Deliverd,29,944.82,2
1691,4,9,5,2022-07-05,2022-07-22,2022-07-22,delivered,17,4248.64,0
1692,29,1,4,2022-12-27,2023-01-11,2023-01-22,Delayed,51,245483.4,11
1693,54,10,2,2022-11-18,2022-12-07,2022-12-07,Delivered,6,1741.08,0
1694,8,6,,2023-04-08,2023-04-26,,Canceled,78,21832.98,
1695,95,5,4,2024-02-11,2024-02-18,2024-02-24,,66,7242.84,6
1696,11,48,2,2022-10-20,2022-10-30,2022-10-30,Deliverd,30,7796.4,0
1697,32,47,4,2023-08-07,2023-08-20,2023-09-03,Delayed,37,8268.76,14
1698,55,27,4,2022-08-02,2022-08-07,2022-08-27,Deleyed,92,2394.76,20
1699,90,36,2,2022-02-24,2022-03-24,,Cancelled,12,4158.48,
1700,88,41,4,2022-05-03,,2022-05-08,Deliverd,71,8194.82,0
1701,18,23,5,2022-11-06,2022-11-15,2022-11-23,DELAYED,75,6457.5,8
1702,6,13,,2024-10-16,2024-10-21,2024-10-20,Deliverd,3,951.39,0
1703,45,17,2,2022-11-01,2022-12-01,2022-12-03,Deliverd,56,26497.52,2
1704,73,27,4,2023-06-13,2023-06-19,2023-06-30,delayed,44,1145.32,11
1705,24,26,4,2023-07-17,2023-08-10,2023-08-13,delivered,38,7616.72,3
1706,41,32,2,2024-09-26,2024-10-04,2024-10-04,Deliverd,47,15960.73,0
1707,48,18,2,2023-08-25,,2023-09-25,Deleyed,74,11182.14,10
1708,15,35,4,2022-09-23,2022-10-14,2022-10-29,Deleyed,43,9491.39,15
1709,90,48,,2024-10-05,2024-10-13,,Canceled,41,10655.08,
1710,85,20,1,2022-05-30,,,Canceled,56,17597.44,
1711,67,24,2,2022-01-13,2022-01-25,2022-02-12,Deliverd,15,7061.1,18
1712,94,29,2,2022-10-02,2022-10-07,2022-10-06,DELIVERED,83,32836.46,0
1713,81,13,4,2024-03-30,2024-04-26,2024-05-01,Deleyed,53,16807.89,5
1714,33,18,5,2022-11-07,2022-11-10,2022-11-22,delivered,17,3399.49,12
1715,22,2,4,2024-07-13,2024-08-06,,CANCELLED,66,14961.54,
1716,18,28,,2023-02-28,2023-03-15,2023-04-04,Deliverd,77,7931.77,20
1717,84,24,2,2023-01-20,2023-01-27,2023-02-04,Delivered,7,3295.18,8
1718,28,35,1,2024-08-31,2024-09-14,,Cancelled,7,1545.11,
1719,88,22,5,2022-05-06,2022-05-17,2022-05-18,Delivered,10,4578.8,1
1720,14,41,5,2024-07-27,2024-08-09,2024-08-08,DELIVERED,2,230.84,0
1721,14,30,2,2024-07-12,2024-08-01,2024-08-03,delivered,85,41980.65,2
1722,11,28,5,2024-01-20,2024-02-08,2024-02-26,Deleyed,15,1545.15,18
1723,4,47,1,2023-02-18,2023-03-14,2023-03-12,delivered,42,9386.16,0
1724,47,24,5,2022-05-18,2022-06-08,2022-06-09,delivered,32,15063.68,1
1725,88,3,5,2022-07-13,2022-07-30,2022-08-14,Deleyed,9,1544.4,15
1726,23,11,2,2022-01-09,2022-02-07,2022-02-09,delivered,60,4311.6,2
1727,31,28,,2022-05-06,2022-05-14,2022-05-16,delivered,,1442.14,2
1728,61,31,2,2024-08-24,2024-08-31,2024-09-08,Delivered,61,8541.83,8
1729,78,1,2,2023-10-16,2023-10-23,2023-11-09,Delayed,100,481340.0,17
1730,45,44,2,2023-07-25,2023-08-01,2023-08-01,Deliverd,7,27020.0,0
1731,14,41,5,2024-05-24,2024-05-30,,CANCELLED,61,7040.62,
1732,100,13,2,2024-04-12,,2024-05-04,DELIVERED,37,11733.81,10
1733,80,50,2,2022-10-11,2022-11-04,2022-11-20,delayed,59,19179.13,16
1734,54,43,4,2023-05-15,2023-06-06,2023-06-06,Deliverd,32,4761.28,0
1735,65,1,4,2023-11-05,2023-11-09,2023-11-10,delivered,4,19253.6,1
1736,37,15,2,2024-07-22,2024-08-21,,cancelled,41,3334.53,
1737,50,6,5,2023-08-04,2023-08-25,2023-09-14,Deleyed,33,9237.03,20
1738,85,45,4,2023-05-07,2023-06-04,2023-06-03,delivered,18,7290.72,0
1739,5,1,3,2022-12-07,2023-01-02,2023-01-11,delayed,6,28880.4,9
1740,4,6,3,2023-09-15,2023-10-09,2023-10-14,delayed,76,21273.16,5
1741,28,27,3,2023-02-20,2023-03-18,2023-03-25,delivered,84,2186.52,7
1742,57,5,2,2022-03-19,2022-04-09,2022-04-11,DELIVERED,71,7791.54,2
1743,97,35,3,2024-12-14,2025-01-06,2025-01-06,delivered,77,16996.21,0
1744,51,50,2,2024-06-27,2024-07-13,2024-07-20,Delayed,54,17553.78,7
1745,39,49,3,2022-10-08,2022-11-01,2022-11-08,DELAYED,74,6283.34,7
1746,95,44,2,2023-03-28,2023-04-02,2023-04-02,Deliverd,100,386000.0,0
1747,55,9,3,2024-10-28,2024-11-09,2024-11-11,Deliverd,86,,2
1748,66,45,4,2022-08-01,2022-08-16,2022-09-03,delayed,13,5265.52,18
1749,84,6,1,2024-04-17,2024-04-27,2024-05-13,delayed,94,26311.54,16
1750,66,33,,2023-01-12,2023-01-28,2023-02-15,delayed,89,31958.12,18
1751,38,1,5,2023-10-28,2023-11-05,2023-11-07,DELIVERED,60,288804.0,2
1752,64,21,4,2024-09-03,,2024-09-30,delayed,78,4225.26,9
1753,50,7,4,2022-02-20,2022-03-05,2022-03-09,delivered,100,15301.0,4
1754,57,35,1,2023-12-23,2024-01-22,2024-02-07,DELAYED,69,15230.37,16
1755,24,18,3,2024-01-10,2024-02-06,2024-02-08,Deliverd,77,27331.92,2
1756,94,8,1,2023-04-23,2023-05-16,2023-05-22,Delivered,14,6067.18,6
1757,21,23,5,2022-03-15,2022-04-02,2022-03-31,delivered,20,,0
1758,23,9,1,2022-12-11,2022-12-15,2022-12-20,Deliverd,34,8497.28,5
1759,64,45,1,2024-01-15,2024-01-25,2024-02-08,DELAYED,42,17011.68,14
1760,70,47,1,2024-01-23,2024-02-08,2024-02-21,DELAYED,49,10950.52,13
1761,46,43,5,2023-06-05,2023-06-18,2023-06-19,DELIVERED,54,8034.66,1
1762,51,32,4,2023-04-14,2023-05-08,2023-05-12,delivered,28,6237.0,4
1763,78,1,4,2024-08-26,2024-09-09,,CANCELLED,66,317684.4,
1764,46,35,,2023-05-31,2023-06-12,2023-07-03,DELIVERED,5,1103.65,21
1765,7,47,2,2022-03-07,2022-03-29,2022-03-30,delivered,2,446.96,1
1766,45,18,3,2024-09-30,2024-10-07,,Cancelled,82,32500.7,
1767,5,8,3,2022-10-10,2022-10-23,,Cancelled,46,19935.02,
1768,88,39,4,2022-07-12,2022-07-24,2022-07-22,delivered,34,13197.78,0
1769,46,16,2,2023-11-09,2023-11-18,2023-11-18,delivered,85,6811.05,0
1770,24,44,4,2023-06-26,2023-07-03,,Cancelled,49,189140.0,
1771,81,3,4,2023-12-18,2024-01-01,2023-12-30,Delivered,78,13384.8,0
1772,18,49,1,2023-12-06,2024-01-04,2024-01-03,Delivered,54,4585.14,0
1773,93,28,3,2024-02-29,2024-03-06,2024-03-14,Deliverd,93,9579.93,8
1774,76,11,4,2022-02-28,2022-03-19,2022-03-21,delivered,2,143.72,2
1775,96,5,3,2023-04-27,2023-05-19,,cancelled,56,6145.44,
1776,23,44,2,2022-10-20,2022-11-18,2022-12-05,delivered,13,50180.0,17
1777,38,6,3,2022-03-20,2022-04-01,,cancelled,85,23792.35,
1778,61,17,2,2022-04-05,2022-05-05,2022-05-04,Deliverd,17,8043.89,0
1779,81,48,1,2023-11-10,2023-11-22,,Canceled,37,9615.56,
1780,87,31,4,2024-02-02,2024-02-12,2024-03-02,Deliverd,16,2240.48,19
1781,66,14,4,2024-08-15,2024-09-06,2024-09-06,Delivered,21,10277.19,0
1782,57,5,5,2022-11-15,2022-11-23,2022-11-22,Deliverd,,4609.08,0
1783,38,29,1,2024-11-18,2024-12-12,2025-01-01,Delayed,83,32836.46,20
1784,49,50,2,2023-10-13,2023-10-17,2023-10-17,Deliverd,83,26980.81,0
1785,58,33,3,2023-09-27,2023-10-20,2023-11-08,Delivered,52,18672.16,19
1786,9,20,3,2023-02-26,2023-03-09,2023-03-28,delayed,81,25453.44,19
1787,10,29,2,2022-06-04,2022-06-14,,Cancelled,23,9099.26,
1788,31,11,5,2023-09-28,2023-10-06,2023-10-05,delivered,47,3377.42,0
1789,69,1,4,2024-03-03,2024-03-22,2024-03-27,Delivered,31,149215.4,5
1790,55,42,3,2024-02-19,2024-03-12,2024-03-14,Delivered,63,2165.94,2
1791,35,28,1,2022-07-24,2022-08-20,2022-09-03,Delivered,31,3193.31,14
1792,15,6,3,2023-10-19,2023-10-25,2023-10-23,Delivered,98,27431.18,0
1793,45,40,2,2023-06-16,2023-06-30,2023-07-20,delayed,51,18070.32,20
1794,55,49,4,2024-07-02,2024-07-28,2024-08-08,Delivered,19,1613.29,11
1795,13,14,4,2024-06-21,2024-07-11,2024-07-23,Deliverd,59,28874.01,12
1796,23,26,3,2022-10-14,2022-10-23,2022-10-26,,49,9821.56,3
1797,66,12,3,2024-07-25,2024-08-10,2024-08-11,Deliverd,38,18440.64,1
1798,62,25,5,2022-02-25,2022-03-26,2022-03-27,,76,19771.4,1
1799,19,12,5,2023-04-12,2023-04-27,2023-05-01,Delivered,96,46586.88,4
1800,34,18,2,2024-02-25,2024-03-09,,Canceled,9,282.6,
1801,69,2,2,2022-09-20,2022-10-09,2022-10-07,Deliverd,12,2720.28,0
1802,74,42,5,2024-07-06,2024-07-25,,CANCELLED,33,1134.54,
1803,43,18,1,2022-10-04,2022-10-10,2022-10-18,Delayed,70,29981.0,8
1804,26,7,2,2022-01-20,2022-02-05,2022-02-05,Deliverd,53,8109.53,0
1805,28,39,4,2022-12-31,2023-01-26,2023-02-03,Delayed,40,12332.4,8
1806,15,45,2,2022-04-20,2022-05-05,,Cancelled,7,2835.28,
1807,10,8,4,2023-01-22,2023-02-19,2023-02-18,DELIVERED,31,13434.47,0
1808,87,16,1,2023-09-28,2023-10-23,,cancelled,61,4887.93,
1809,98,38,5,2023-12-01,2023-12-26,2024-01-07,DELAYED,71,4313.96,12
1810,24,45,5,2022-10-25,2022-11-07,2022-11-07,Delivered,95,38478.8,0
1811,24,7,2,2023-06-05,2023-07-04,2023-07-22,Delayed,91,13923.91,18
1812,13,21,3,2023-06-19,2023-07-03,2023-07-02,Delivered,,1625.1,0
1813,76,3,5,2024-08-21,2024-09-12,2024-09-27,DELAYED,84,14414.4,15
1814,59,45,2,2023-07-23,2023-08-18,2023-08-20,delivered,14,5670.56,2
1815,28,5,1,2024-05-07,2024-05-22,,CANCELLED,27,2962.98,
1816,22,9,3,2024-09-07,2024-10-01,2024-10-02,DELIVERED,84,20993.28,1
1817,40,28,2,2023-04-16,2023-05-14,2023-05-13,Delivered,41,4223.41,0
1818,86,10,3,2023-08-31,2023-09-27,,Canceled,86,,
1819,95,8,1,2023-09-23,2023-10-10,2023-10-26,DELAYED,86,37269.82,16
1820,9,40,5,2023-08-07,2023-08-13,2023-08-12,DELIVERED,91,32243.12,0
1821,50,33,1,2023-10-28,2023-11-02,,Cancelled,23,8258.84,
1822,82,12,5,2023-07-02,2023-07-10,,CANCELLED,5,2426.4,
1823,50,15,2,2024-05-17,2024-06-08,2024-06-16,Delivered,69,5611.77,8
1824,36,20,2,2022-02-03,2022-03-04,,,17,5342.08,
1825,67,20,2,2023-01-20,2023-01-31,2023-02-11,delayed,87,27338.88,11
1826,100,33,1,2024-12-14,2024-12-29,2025-01-11,delayed,56,20108.48,13
1827,74,22,2,2022-10-01,2022-10-21,2022-10-22,DELIVERED,3,1373.64,1
1828,27,39,4,2022-01-17,2022-01-27,,CANCELLED,55,8187.3,
1829,59,18,3,2024-12-07,2024-12-16,2024-12-18,DELIVERED,18,5035.14,2
1830,79,38,4,2024-02-12,2024-03-02,2024-03-20,Deleyed,69,4192.44,18
1831,57,17,1,2022-02-15,2022-03-17,2022-03-23,delayed,80,37853.6,6
1832,1,47,4,2024-07-06,2024-07-12,2024-07-12,Deliverd,42,9386.16,0
1833,89,14,2,2023-08-23,2023-09-03,,CANCELLED,37,18107.43,
1834,44,15,5,2023-07-24,2023-08-06,2023-08-14,DELIVERED,63,5123.79,8
1835,58,11,5,2024-08-23,2024-09-21,,Canceled,43,3089.98,
1836,39,49,2,2023-05-08,2023-05-28,2023-06-12,Deliverd,49,4160.59,15
1837,66,13,4,2023-05-16,,2023-06-18,Delayed,42,13319.46,6
1838,79,39,4,2024-06-18,,,cancelled,43,2201.17,
1839,7,25,2,2024-09-29,2024-10-16,2024-10-17,delivered,42,8959.86,1
1840,32,25,5,2023-06-13,2023-06-28,,Canceled,96,35711.04,
1841,46,20,4,2022-07-01,2022-07-19,2022-07-18,delivered,36,11312.64,0
1842,66,45,3,2024-03-14,2024-03-31,,CANCELLED,6,2430.24,
1843,18,46,5,2024-02-06,2024-02-28,2024-03-03,Deliverd,43,6529.98,4
1844,4,31,5,2022-02-26,2022-03-25,2022-03-26,Deliverd,37,5181.11,1
1845,84,50,4,2024-06-30,2024-07-14,2024-07-12,Delivered,27,8776.89,0
1846,20,47,3,2023-07-23,2023-08-18,2023-08-25,DELIVERED,65,14526.2,7
1847,26,22,2,2023-11-15,2023-12-08,2023-12-24,Deleyed,24,10989.12,16
1848,95,5,1,2022-01-28,2022-02-27,2022-02-25,DELIVERED,8,877.92,0
1849,12,21,4,2024-10-24,2024-11-14,,cancelled,11,595.87,
1850,61,47,3,2023-07-21,2023-08-05,2023-08-12,Deleyed,40,8939.2,7
1851,84,26,4,2024-08-03,2024-08-29,,Canceled,,17237.84,
1852,3,38,5,2022-09-30,2022-10-14,2022-10-29,DELAYED,48,2916.48,15
1853,41,19,4,2022-01-08,2022-02-03,2022-02-02,delivered,3,1174.11,0
1854,63,25,5,2022-05-18,2022-05-29,2022-05-28,delivered,49,1263.71,0
1855,42,1,2,2024-10-21,2024-11-03,2024-11-03,Delivered,25,120335.0,0
1856,46,42,4,2023-04-08,2023-05-06,,CANCELLED,29,997.02,
1857,25,33,,2024-09-08,2024-09-20,2024-09-19,DELIVERED,87,31239.96,0
1858,22,24,5,2023-10-14,2023-11-03,2023-11-05,DELIVERED,82,38600.68,2
1859,15,24,3,2024-12-06,2024-12-18,2025-01-03,delivered,67,31539.58,16
1860,92,6,5,2023-03-28,2023-04-09,,Canceled,71,19873.61,
1861,89,11,3,2024-02-28,2024-03-08,2024-03-10,Deliverd,14,1006.04,2
1862,66,12,1,2022-04-17,2022-05-16,,Canceled,9,4367.52,
1863,9,13,3,2024-04-02,,2024-04-07,Delivered,7,2219.91,0
1864,39,40,3,2024-12-27,2025-01-01,2025-01-17,Deliverd,71,25156.72,16
1865,19,38,5,2023-09-18,2023-10-01,2023-10-03,DELIVERED,13,789.88,2
1866,12,45,,2022-06-18,2022-07-10,2022-07-08,delivered,79,31998.16,0
1867,17,27,2,2022-09-10,2022-09-25,,CANCELLED,65,1691.95,
1868,19,50,5,2024-02-20,2024-03-20,,cancelled,49,15928.43,
1869,17,9,4,2022-01-08,2022-01-11,2022-01-10,delivered,98,24492.16,0
1870,72,17,2,2024-08-06,2024-09-05,2024-09-07,DELIVERED,25,11829.25,2
1871,81,46,1,2022-04-02,2022-04-15,,CANCELLED,19,2885.34,
1872,52,17,4,2023-01-08,2023-01-19,2023-01-19,DELIVERED,58,27443.86,0
1873,56,33,5,2022-06-20,2022-07-13,,Canceled,43,15440.44,
1874,57,33,5,2023-12-27,2024-01-12,2024-01-14,Deliverd,66,23699.28,2
1875,3,9,2,2023-05-02,2023-05-07,2023-05-05,delivered,,18993.92,0
1876,28,40,5,2023-07-22,2023-08-15,2023-08-22,Delayed,2,708.64,7
1877,10,19,5,2024-12-03,2024-12-24,2024-12-29,DELIVERED,40,15654.8,5
1878,53,23,5,2024-01-11,2024-01-21,2024-01-23,DELIVERED,12,5748.96,2
1879,67,33,3,2024-10-07,2024-10-10,,CANCELLED,98,35189.84,
1880,92,34,2,2022-11-02,,2022-11-25,Delivered,22,5939.34,2
1881,69,22,5,2022-03-27,2022-04-12,,CANCELLED,55,25183.4,
1882,62,36,3,2022-02-07,2022-03-01,2022-03-14,DELAYED,29,10049.66,13
1883,43,44,3,2023-04-19,2023-05-03,2023-05-04,Deliverd,91,351260.0,1
1884,55,44,4,2022-06-28,2022-07-22,2022-07-31,Delivered,21,81060.0,9
1885,100,50,1,2023-11-17,2023-11-27,2023-12-03,Delivered,46,14953.22,6
1886,24,23,2,2023-05-02,2023-05-28,2023-06-15,delivered,95,24426.4,18
1887,98,34,2,2024-08-31,2024-09-23,2024-09-23,DELIVERED,36,9718.92,0
1888,7,42,4,2024-04-20,2024-05-10,2024-05-12,Delivered,89,3059.82,2
1889,48,48,4,2023-09-07,2023-09-27,2023-09-27,Deliverd,31,8056.28,0
1890,51,38,2,2023-10-31,2023-11-11,2023-11-09,Deliverd,20,1215.2,0
1891,39,26,2,2024-04-05,2024-04-28,2024-04-26,delivered,90,18039.6,0
1892,42,6,2,2024-06-29,2024-07-25,2024-07-26,delivered,46,12875.86,1
1893,34,12,4,2024-07-18,2024-07-31,2024-07-29,Deliverd,54,26205.12,0
1894,86,22,4,2024-03-20,2024-03-23,2024-03-28,Delayed,11,5036.68,5
1895,100,20,1,2024-01-29,2024-02-03,2024-02-03,Delivered,78,24510.72,0
1896,45,18,4,2024-11-30,2024-12-27,2024-12-27,Delivered,57,12997.14,0
1897,85,35,4,2023-06-24,2023-07-17,2023-07-21,Deliverd,61,13464.53,4
1898,7,50,3,2022-01-06,2022-02-04,,Canceled,79,25680.53,
1899,33,22,1,2024-08-07,2024-08-24,2024-08-26,DELIVERED,83,38004.04,2
1900,46,9,4,2023-06-22,2023-07-17,,cancelled,23,5748.16,
1901,86,14,4,2024-09-26,2024-10-08,2024-10-08,delivered,80,39151.2,0
1902,63,32,3,2022-02-06,2022-03-07,,CANCELLED,96,29080.32,
1903,28,11,4,2024-12-23,2025-01-19,2025-01-21,DELIVERED,31,2227.66,2
1904,13,41,4,2023-05-31,2023-06-15,,CANCELLED,92,10618.64,
1905,74,46,3,2023-08-19,2023-08-25,,Canceled,41,6226.26,
1906,10,7,4,2024-04-04,2024-04-08,2024-04-07,Delivered,3,459.03,0
1907,70,3,5,2022-03-14,2022-03-29,2022-04-11,DELAYED,63,10810.8,13
1908,52,28,5,2022-11-16,2022-11-22,2022-11-21,delivered,57,5871.57,0
1909,63,27,5,2023-12-31,2024-01-25,,Canceled,6,156.18,
1910,60,18,1,2023-12-09,2024-01-07,2024-01-10,Deliverd,25,827.25,3
1911,89,50,4,2024-04-09,2024-05-09,2024-05-11,delivered,9,2925.63,2
1912,20,24,4,2022-01-23,,2022-02-27,delivered,72,33893.28,11
1913,98,10,1,2024-04-30,2024-05-10,2024-05-23,Delayed,65,18861.7,13
1914,75,25,2,2023-02-06,2023-03-06,2023-03-05,delivered,11,5086.4,0
1915,28,24,4,2024-03-18,2024-04-14,2024-04-14,DELIVERED,90,42366.6,0
1916,49,6,3,2022-07-19,2022-08-16,,Cancelled,28,7837.48,
1917,55,29,2,2022-07-25,2022-08-19,,cancelled,93,36792.66,
1918,42,13,2,2022-10-03,2022-10-11,2022-10-29,Delivered,32,10148.16,18
1919,6,30,3,2024-03-08,,2024-03-12,Deliverd,62,30621.18,1
1920,48,48,,2023-05-01,2023-05-28,2023-06-14,Deleyed,78,20270.64,17
1921,7,26,5,2022-07-12,2022-07-30,2022-08-01,Deliverd,72,14431.68,2
1922,39,28,5,2022-11-28,2022-12-13,2022-12-19,Deliverd,60,6180.6,6
1923,91,37,1,2023-04-18,2023-05-10,2023-05-10,delivered,93,26525.46,0
1924,16,44,4,2022-08-23,2022-09-17,,cancelled,7,27020.0,
1925,23,30,1,2022-10-19,2022-11-09,2022-11-28,delayed,36,17780.04,19
1926,55,12,2,2022-10-11,2022-11-07,2022-11-10,Delivered,15,7279.2,3
1927,70,50,2,2023-07-20,2023-08-08,2023-08-10,DELIVERED,48,15603.36,2
1928,33,20,4,2022-01-09,2022-01-25,2022-01-25,DELIVERED,44,13826.56,0
1929,43,6,2,2023-09-16,2023-09-20,2023-09-22,Deliverd,,20713.34,2
1930,5,32,1,2024-07-18,2024-07-24,2024-08-13,Delayed,90,2082.6,20
1931,82,15,5,2024-02-22,2024-02-25,2024-02-26,delivered,98,7970.34,1
1932,8,43,,2024-07-17,2024-08-13,2024-09-01,DELAYED,56,8332.24,19
1933,23,15,1,2024-07-20,2024-08-13,2024-08-18,Deliverd,29,2358.57,5
1934,76,18,5,2023-06-25,2023-07-25,2023-07-23,Deliverd,69,29725.2,0
1935,62,19,3,2022-07-09,2022-07-23,2022-07-28,DELAYED,21,8218.77,5
1936,40,31,5,2024-09-04,2024-09-20,2024-09-18,DELIVERED,51,7141.53,0
1937,35,33,3,2024-07-22,2024-07-29,2024-07-31,delivered,44,15799.52,2
1938,94,47,4,2024-02-18,2024-03-08,2024-03-13,Deliverd,76,16984.48,5
1939,57,29,4,2024-09-02,2024-09-06,,Canceled,59,23341.58,
1940,98,12,5,2024-02-10,2024-02-20,2024-03-10,Delayed,96,46586.88,19
1941,53,43,2,2024-01-03,2024-01-09,2024-01-10,delivered,5,743.95,1
1942,52,18,3,2023-05-11,2023-05-15,2023-05-17,Deliverd,49,1031.45,2
1943,25,42,3,2022-01-05,2022-01-20,,CANCELLED,17,584.46,
1944,68,17,4,2022-10-07,2022-10-26,2022-10-24,DELIVERED,33,15614.61,0
1945,22,1,5,2022-08-07,2022-08-13,,Canceled,,158842.2,
1946,55,31,1,2024-06-28,2024-07-14,2024-07-26,Deliverd,,10082.16,12
1947,32,11,2,2023-04-14,2023-05-10,,Cancelled,16,1149.76,
1948,74,38,2,2023-10-30,2023-11-19,2023-12-07,Deleyed,100,6076.0,18
1949,47,20,2,2024-11-29,2024-12-17,2024-12-20,Delivered,73,22939.52,3
1950,24,13,2,2023-09-08,2023-09-14,2023-09-19,,98,31078.74,5
1951,20,44,3,2023-01-02,2023-01-21,2023-02-04,delayed,11,,14
1952,18,18,4,2024-09-28,2024-10-12,2024-10-12,Delivered,68,17282.88,0
1953,74,44,4,2024-08-13,2024-08-26,2024-08-29,Delivered,88,339680.0,3
1954,48,1,2,2024-12-30,2025-01-26,2025-01-28,delivered,74,356191.6,2
1955,52,39,4,2022-01-22,2022-02-07,2022-02-13,DELIVERED,20,2445.4,6
1956,62,32,4,2022-01-15,,2022-01-19,delivered,78,38282.4,0
1957,35,29,5,2022-11-13,2022-12-03,2022-12-02,Deliverd,1,395.62,0
1958,10,21,3,2022-07-31,2022-08-13,,CANCELLED,16,866.72,
1959,39,20,1,2024-08-13,2024-08-26,2024-09-09,delayed,24,7541.76,14
1960,23,45,2,2022-06-13,2022-07-02,,CANCELLED,9,3645.36,
1961,39,49,2,2024-06-08,2024-07-03,2024-07-23,DELAYED,34,2886.94,20
1962,15,24,4,2024-10-11,2024-10-19,,cancelled,61,28715.14,
1963,83,18,2,2022-03-30,2022-04-28,2022-05-01,Deliverd,69,22574.04,3
1964,46,27,1,2023-08-11,2023-08-14,,Canceled,90,2342.7,
1965,30,27,2,2022-10-11,2022-10-18,2022-10-17,DELIVERED,77,2004.31,0
1966,24,49,1,2022-07-25,2022-08-18,2022-08-17,Delivered,59,5009.69,0
1967,79,14,2,2022-01-27,2022-01-30,2022-01-29,Deliverd,43,21043.77,0
1968,32,6,4,2023-05-12,,2023-06-19,delivered,46,12875.86,9
1969,73,10,,2023-09-09,,2023-09-24,Delivered,78,22634.04,0
1970,85,21,3,2023-10-01,2023-10-13,2023-10-14,DELIVERED,34,1841.78,1
1971,74,24,4,2024-10-06,2024-10-28,2024-11-02,delivered,35,,5
1972,61,12,3,2023-10-17,2023-11-16,2023-11-21,Deliverd,66,32028.48,5
1973,81,22,3,2022-07-21,2022-07-31,2022-08-01,Delivered,32,14652.16,1
1974,25,35,5,2023-01-02,2023-01-09,2023-01-10,Delivered,48,10595.04,1
1975,91,2,1,2022-05-29,2022-06-13,2022-06-12,DELIVERED,63,14281.47,0
1976,10,26,3,2023-07-01,2023-07-24,2023-07-23,DELIVERED,40,8017.6,0
1977,94,6,5,2023-04-22,2023-05-11,2023-05-17,Delivered,32,8957.12,6
1978,89,8,4,2023-09-28,2023-10-20,2023-11-07,DELIVERED,43,18634.91,18
1979,3,27,3,2024-06-04,2024-07-02,2024-07-04,Deliverd,32,832.96,2
1980,100,9,,2024-01-17,2024-02-11,2024-02-23,Delayed,2,499.84,12
1981,40,30,4,2024-02-29,2024-03-19,2024-03-30,Deliverd,10,4938.9,11
1982,28,4,1,2022-03-19,2022-03-25,2022-03-25,Delivered,94,40778.14,0
1983,66,8,5,2024-03-11,2024-04-04,2024-04-03,DELIVERED,53,22968.61,0
1984,98,22,4,2024-05-11,2024-06-02,2024-06-20,Deliverd,52,,18
1985,71,47,1,2022-11-16,2022-12-11,2022-12-21,DELAYED,82,18325.36,10
1986,7,35,1,2023-12-22,2024-01-07,2024-01-09,DELIVERED,29,6401.17,2
1987,5,25,3,2023-02-23,2023-03-11,2023-03-18,Deleyed,62,8622.96,7
1988,47,23,1,2024-10-03,2024-10-09,2024-10-09,DELIVERED,86,26464.78,0
1989,5,2,2,2024-06-17,2024-06-26,,cancelled,93,21082.17,
1990,26,2,2,2024-08-19,2024-09-13,2024-10-03,Deleyed,87,19722.03,20
1991,86,10,1,2022-08-09,2022-08-23,2022-08-22,DELIVERED,,9866.12,0
1992,93,33,1,2023-12-02,2023-12-14,,Canceled,96,34471.68,
1993,49,9,4,2023-05-01,2023-05-20,,Canceled,40,9996.8,
1994,21,15,3,2023-03-27,2023-04-23,2023-04-25,delivered,41,3334.53,2
1995,20,18,3,2023-07-24,2023-07-30,2023-08-17,delayed,53,20126.75,18
1996,17,1,1,2022-11-18,2022-11-25,2022-11-25,DELIVERED,22,105894.8,0
1997,34,48,5,2022-07-29,2022-08-06,2022-08-06,delivered,6,1559.28,0
1998,70,3,4,2023-11-21,2023-11-26,2023-12-13,delayed,91,15615.6,17
1999,49,38,1,2023-07-19,2023-08-06,,cancelled,72,4374.72,
2000,20,45,3,2023-08-01,2023-08-13,2023-08-12,Deliverd,72,29162.88,0
